year,age,sex,people
2010,0,2,493570
2010,1,2,496988
2010,10,2,511967
2010,100,2,2473
2010,101,2,1597
2010,102,2,871
2010,103,2,413
2010,104,2,229
2010,105,2,280
2010,106,2,147
2010,107,2,71
2010,108,2,21
2010,109,2,9
2010,11,2,509680
2010,110,2,38
2010,111,2,11
2010,12,2,511870
2010,13,2,521521
2010,14,2,533935
2010,15,2,544192
2010,16,2,549198
2010,17,2,557256
2010,18,2,577660
2010,19,2,582279
2010,2,2,513988
2010,20,2,577904
2010,21,2,558219
2010,22,2,546228
2010,23,2,541033
2010,24,2,545024
2010,25,2,550736
2010,26,2,540049
2010,27,2,552220
2010,28,2,552853
2010,29,2,548609
2010,3,2,518382
2010,30,2,554314
2010,31,2,518414
2010,32,2,510689
2010,33,2,503924
2010,34,2,500487
2010,35,2,514154
2010,36,2,497505
2010,37,2,501535
2010,38,2,512053
2010,39,2,536605
2010,4,2,510607
2010,40,2,559321
2010,41,2,530232
2010,42,2,513419
2010,43,2,505271
2010,44,2,509460
2010,45,2,536070
2010,46,2,538844
2010,47,2,538228
2010,48,2,531369
2010,49,2,536328
2010,5,2,506457
2010,50,2,545150
2010,51,2,518506
2010,52,2,513450
2010,53,2,502397
2010,54,2,491004
2010,55,2,487170
2010,56,2,462188
2010,57,2,443026
2010,58,2,422115
2010,59,2,406345
2010,6,2,502715
2010,60,2,405138
2010,61,2,386278
2010,62,2,380804
2010,63,2,372509
2010,64,2,311480
2010,65,2,292627
2010,66,2,279556
2010,67,2,272116
2010,68,2,247216
2010,69,2,226143
2010,7,2,499394
2010,70,2,218285
2010,71,2,205709
2010,72,2,195930
2010,73,2,184674
2010,74,2,176583
2010,75,2,169934
2010,76,2,157910
2010,77,2,152075
2010,78,2,145705
2010,79,2,143908
2010,8,2,495092
2010,80,2,139146
2010,81,2,127298
2010,82,2,119763
2010,83,2,113328
2010,84,2,106104
2010,85,2,100040
2010,86,2,89626
2010,87,2,79384
2010,88,2,70265
2010,89,2,60419
2010,9,2,506626
2010,90,2,49241
2010,91,2,37771
2010,92,2,30538
2010,93,2,23672
2010,94,2,18572
2010,95,2,14284
2010,96,2,10710
2010,97,2,7786
2010,98,2,5380
2010,99,2,3691
2011,0,2,508745
2011,1,2,491806
2011,10,2,508089
2011,100,2,1636
2011,101,2,823
2011,102,2,1508
2011,103,2,824
2011,104,2,404
2011,105,2,226
2011,106,2,261
2011,107,2,145
2011,108,2,67
2011,109,2,20
2011,11,2,513426
2011,110,2,12
2011,111,2,35
2011,112,2,11
2011,12,2,511011
2011,13,2,512942
2011,14,2,522573
2011,15,2,558246
2011,16,2,542544
2011,17,2,550735
2011,18,2,595333
2011,19,2,604466
2011,2,2,500361
2011,20,2,597253
2011,21,2,569136
2011,22,2,546416
2011,23,2,535988
2011,24,2,535483
2011,25,2,526412
2011,26,2,530279
2011,27,2,544024
2011,28,2,555569
2011,29,2,555481
2011,3,2,517172
2011,30,2,550163
2011,31,2,553063
2011,32,2,518482
2011,33,2,510060
2011,34,2,504024
2011,35,2,500216
2011,36,2,510087
2011,37,2,498153
2011,38,2,501913
2011,39,2,512842
2011,4,2,521350
2011,40,2,536895
2011,41,2,558287
2011,42,2,529727
2011,43,2,513075
2011,44,2,505042
2011,45,2,509320
2011,46,2,534596
2011,47,2,537514
2011,48,2,536358
2011,49,2,529828
2011,5,2,513307
2011,50,2,533395
2011,51,2,542652
2011,52,2,516220
2011,53,2,510863
2011,54,2,499740
2011,55,2,487162
2011,56,2,484340
2011,57,2,458964
2011,58,2,439615
2011,59,2,419300
2011,6,2,508102
2011,60,2,402529
2011,61,2,402328
2011,62,2,383639
2011,63,2,377766
2011,64,2,368392
2011,65,2,308264
2011,66,2,290171
2011,67,2,276691
2011,68,2,268890
2011,69,2,243858
2011,7,2,504202
2011,70,2,223687
2011,71,2,215088
2011,72,2,202701
2011,73,2,192002
2011,74,2,180970
2011,75,2,174246
2011,76,2,165231
2011,77,2,153463
2011,78,2,147048
2011,79,2,140606
2011,8,2,500581
2011,80,2,140647
2011,81,2,132809
2011,82,2,120810
2011,83,2,112980
2011,84,2,106223
2011,85,2,103860
2011,86,2,91591
2011,87,2,80914
2011,88,2,71166
2011,89,2,61903
2011,9,2,496383
2011,90,2,51799
2011,91,2,41662
2011,92,2,31161
2011,93,2,24579
2011,94,2,18655
2011,95,2,14030
2011,96,2,10704
2011,97,2,7661
2011,98,2,5412
2011,99,2,3535
2012,0,2,497507
2012,1,2,507877
2012,10,2,498617
2012,100,2,1364
2012,101,2,641
2012,102,2,645
2012,103,2,1462
2012,104,2,817
2012,105,2,400
2012,106,2,208
2012,107,2,259
2012,108,2,141
2012,109,2,66
2012,11,2,510085
2012,110,2,23
2012,111,2,9
2012,112,2,35
2012,113,2,11
2012,12,2,515461
2012,13,2,512789
2012,14,2,514603
2012,15,2,547630
2012,16,2,555955
2012,17,2,543850
2012,18,2,589589
2012,19,2,621669
2012,2,2,495559
2012,20,2,617215
2012,21,2,588234
2012,22,2,557680
2012,23,2,535866
2012,24,2,530285
2012,25,2,516920
2012,26,2,505386
2012,27,2,534675
2012,28,2,547741
2012,29,2,558636
2012,3,2,503884
2012,30,2,557714
2012,31,2,549775
2012,32,2,553701
2012,33,2,518469
2012,34,2,510996
2012,35,2,504510
2012,36,2,496535
2012,37,2,511199
2012,38,2,499117
2012,39,2,503338
2012,4,2,520415
2012,40,2,513751
2012,41,2,536562
2012,42,2,558477
2012,43,2,529985
2012,44,2,513252
2012,45,2,505610
2012,46,2,508664
2012,47,2,534317
2012,48,2,536525
2012,49,2,535475
2012,5,2,524218
2012,50,2,527883
2012,51,2,531590
2012,52,2,541032
2012,53,2,514345
2012,54,2,509026
2012,55,2,496690
2012,56,2,485070
2012,57,2,481971
2012,58,2,456503
2012,59,2,437538
2012,6,2,515559
2012,60,2,416194
2012,61,2,400125
2012,62,2,400041
2012,63,2,381009
2012,64,2,374367
2012,65,2,365465
2012,66,2,305726
2012,67,2,287903
2012,68,2,274011
2012,69,2,265954
2012,7,2,510366
2012,70,2,241389
2012,71,2,220908
2012,72,2,212432
2012,73,2,199285
2012,74,2,188654
2012,75,2,178807
2012,76,2,169862
2012,77,2,160983
2012,78,2,148469
2012,79,2,142572
2012,8,2,506155
2012,80,2,137752
2012,81,2,134753
2012,82,2,126562
2012,83,2,114308
2012,84,2,106279
2012,85,2,104155
2012,86,2,95840
2012,87,2,83324
2012,88,2,72647
2012,89,2,62617
2012,9,2,502661
2012,90,2,53306
2012,91,2,44173
2012,92,2,34169
2012,93,2,25053
2012,94,2,19501
2012,95,2,13989
2012,96,2,10299
2012,97,2,7670
2012,98,2,5149
2012,99,2,2999
2013,0,2,498678
2013,1,2,495601
2013,10,2,504257
2013,100,2,1063
2013,101,2,616
2013,102,2,415
2013,103,2,591
2013,104,2,1435
2013,105,2,802
2013,106,2,384
2013,107,2,206
2013,108,2,255
2013,109,2,140
2013,11,2,499958
2013,110,2,69
2013,111,2,20
2013,112,2,9
2013,113,2,35
2013,114,2,11
2013,12,2,511524
2013,13,2,516572
2013,14,2,513781
2013,15,2,539174
2013,16,2,545321
2013,17,2,556974
2013,18,2,583253
2013,19,2,616317
2013,2,2,511059
2013,20,2,635464
2013,21,2,608318
2013,22,2,576022
2013,23,2,547062
2013,24,2,530041
2013,25,2,511648
2013,26,2,495421
2013,27,2,509658
2013,28,2,538013
2013,29,2,550465
2013,3,2,498509
2013,30,2,560530
2013,31,2,557193
2013,32,2,550276
2013,33,2,553440
2013,34,2,519148
2013,35,2,511100
2013,36,2,500594
2013,37,2,497334
2013,38,2,511635
2013,39,2,500325
2013,4,2,506538
2013,40,2,503925
2013,41,2,513160
2013,42,2,536453
2013,43,2,558297
2013,44,2,529834
2013,45,2,513427
2013,46,2,504508
2013,47,2,507937
2013,48,2,532954
2013,49,2,535346
2013,5,2,522842
2013,50,2,533022
2013,51,2,525947
2013,52,2,529686
2013,53,2,538942
2013,54,2,512086
2013,55,2,505454
2013,56,2,493951
2013,57,2,482043
2013,58,2,478716
2013,59,2,453567
2013,6,2,525858
2013,60,2,433667
2013,61,2,413354
2013,62,2,397407
2013,63,2,396997
2013,64,2,377090
2013,65,2,370899
2013,66,2,362069
2013,67,2,302589
2013,68,2,284781
2013,69,2,270781
2013,7,2,517141
2013,70,2,263081
2013,71,2,237998
2013,72,2,217768
2013,73,2,208648
2013,74,2,195642
2013,75,2,186269
2013,76,2,173908
2013,77,2,165486
2013,78,2,155833
2013,79,2,143374
2013,8,2,511514
2013,80,2,139599
2013,81,2,131629
2013,82,2,128542
2013,83,2,119843
2013,84,2,107313
2013,85,2,104144
2013,86,2,95908
2013,87,2,87532
2013,88,2,74876
2013,89,2,63984
2013,9,2,507517
2013,90,2,53897
2013,91,2,45185
2013,92,2,36517
2013,93,2,27390
2013,94,2,19503
2013,95,2,14539
2013,96,2,9898
2013,97,2,7064
2013,98,2,5017
2013,99,2,2032
2014,0,2,498538
2014,1,2,497526
2014,10,2,509551
2014,100,2,737
2014,101,2,487
2014,102,2,386
2014,103,2,359
2014,104,2,569
2014,105,2,1404
2014,106,2,765
2014,107,2,384
2014,108,2,202
2014,109,2,255
2014,11,2,505964
2014,110,2,143
2014,111,2,66
2014,112,2,20
2014,113,2,9
2014,114,2,35
2014,115,2,11
2014,12,2,501705
2014,13,2,513133
2014,14,2,518134
2014,15,2,538927
2014,16,2,536004
2014,17,2,545799
2014,18,2,596906
2014,19,2,609182
2014,2,2,498718
2014,20,2,629588
2014,21,2,627690
2014,22,2,596506
2014,23,2,565528
2014,24,2,541587
2014,25,2,511952
2014,26,2,489407
2014,27,2,499923
2014,28,2,513313
2014,29,2,541151
2014,3,2,513907
2014,30,2,552921
2014,31,2,560740
2014,32,2,558284
2014,33,2,550921
2014,34,2,554743
2014,35,2,520012
2014,36,2,507486
2014,37,2,501836
2014,38,2,498244
2014,39,2,513202
2014,4,2,501183
2014,40,2,501310
2014,41,2,504036
2014,42,2,513762
2014,43,2,537112
2014,44,2,558846
2014,45,2,530640
2014,46,2,512843
2014,47,2,504244
2014,48,2,507232
2014,49,2,532481
2014,5,2,508906
2014,50,2,533542
2014,51,2,531685
2014,52,2,524786
2014,53,2,528401
2014,54,2,537411
2014,55,2,509353
2014,56,2,503319
2014,57,2,491550
2014,58,2,479386
2014,59,2,476464
2014,6,2,524775
2014,60,2,450257
2014,61,2,431069
2014,62,2,410898
2014,63,2,394636
2014,64,2,393293
2014,65,2,374042
2014,66,2,368142
2014,67,2,358979
2014,68,2,299360
2014,69,2,281884
2014,7,2,527837
2014,70,2,268316
2014,71,2,259805
2014,72,2,234691
2014,73,2,213990
2014,74,2,205142
2014,75,2,193295
2014,76,2,181538
2014,77,2,169659
2014,78,2,160626
2014,79,2,151136
2014,8,2,518897
2014,80,2,140601
2014,81,2,133927
2014,82,2,125786
2014,83,2,122396
2014,84,2,113050
2014,85,2,105480
2014,86,2,96495
2014,87,2,88145
2014,88,2,79580
2014,89,2,66628
2014,9,2,513244
2014,90,2,55819
2014,91,2,46183
2014,92,2,37814
2014,93,2,29593
2014,94,2,21516
2014,95,2,14659
2014,96,2,10229
2014,97,2,6562
2014,98,2,4399
2014,99,2,1685
2015,0,2,498689
2015,1,2,495691
2015,10,2,514925
2015,100,2,1288
2015,101,2,425
2015,102,2,298
2015,103,2,234
2015,104,2,234
2015,105,2,378
2015,106,2,671
2015,107,2,366
2015,108,2,167
2015,109,2,103
2015,11,2,510932
2015,110,2,127
2015,111,2,47
2015,112,2,23
2015,113,2,6
2015,114,2,4
2015,115,2,14
2015,116,2,3
2015,12,2,507386
2015,13,2,502902
2015,14,2,514221
2015,15,2,542856
2015,16,2,533879
2015,17,2,534709
2015,18,2,585111
2015,19,2,621682
2015,2,2,500347
2015,20,2,621511
2015,21,2,620455
2015,22,2,614045
2015,23,2,584070
2015,24,2,558001
2015,25,2,521846
2015,26,2,487861
2015,27,2,492779
2015,28,2,502789
2015,29,2,515389
2015,3,2,501164
2015,30,2,542551
2015,31,2,552239
2015,32,2,561218
2015,33,2,558189
2015,34,2,551534
2015,35,2,554679
2015,36,2,515639
2015,37,2,507930
2015,38,2,502065
2015,39,2,499287
2015,4,2,516106
2015,40,2,513578
2015,41,2,500551
2015,42,2,503962
2015,43,2,513633
2015,44,2,537003
2015,45,2,559080
2015,46,2,529264
2015,47,2,511896
2015,48,2,503115
2015,49,2,506211
2015,5,2,503342
2015,50,2,530371
2015,51,2,531423
2015,52,2,529899
2015,53,2,522999
2015,54,2,526530
2015,55,2,534363
2015,56,2,506430
2015,57,2,500265
2015,58,2,488519
2015,59,2,477124
2015,6,2,510560
2015,60,2,473222
2015,61,2,446821
2015,62,2,428159
2015,63,2,407899
2015,64,2,391045
2015,65,2,390405
2015,66,2,370485
2015,67,2,364260
2015,68,2,355110
2015,69,2,296286
2015,7,2,526381
2015,70,2,279742
2015,71,2,264208
2015,72,2,255672
2015,73,2,230820
2015,74,2,210610
2015,75,2,203227
2015,76,2,187560
2015,77,2,176659
2015,78,2,164765
2015,79,2,156133
2015,8,2,529179
2015,80,2,149113
2015,81,2,133624
2015,82,2,127319
2015,83,2,119471
2015,84,2,116161
2015,85,2,112432
2015,86,2,96585
2015,87,2,88067
2015,88,2,80526
2015,89,2,72606
2015,9,2,520238
2015,90,2,60437
2015,91,2,46905
2015,92,2,38401
2015,93,2,31502
2015,94,2,24652
2015,95,2,17687
2015,96,2,10819
2015,97,2,7506
2015,98,2,4768
2015,99,2,3159
2016,0,2,486935
2016,1,2,495753
2016,10,2,521837
2016,100,2,2360
2016,101,2,774
2016,102,2,249
2016,103,2,168
2016,104,2,145
2016,105,2,157
2016,106,2,183
2016,107,2,319
2016,108,2,174
2016,109,2,83
2016,11,2,516233
2016,110,2,55
2016,111,2,38
2016,112,2,16
2016,113,2,10
2016,114,2,2
2016,115,2,2
2016,116,2,4
2016,117,2,1
2016,12,2,512177
2016,13,2,508540
2016,14,2,503928
2016,15,2,539035
2016,16,2,539698
2016,17,2,534558
2016,18,2,576174
2016,19,2,612206
2016,2,2,498782
2016,20,2,635606
2016,21,2,612833
2016,22,2,607242
2016,23,2,602203
2016,24,2,577015
2016,25,2,538954
2016,26,2,498169
2016,27,2,491876
2016,28,2,495865
2016,29,2,505131
2016,3,2,503064
2016,30,2,517133
2016,31,2,541880
2016,32,2,552752
2016,33,2,561017
2016,34,2,558689
2016,35,2,551645
2016,36,2,550226
2016,37,2,516085
2016,38,2,508201
2016,39,2,502973
2016,4,2,503461
2016,40,2,499707
2016,41,2,512738
2016,42,2,500315
2016,43,2,503813
2016,44,2,513524
2016,45,2,537148
2016,46,2,557642
2016,47,2,528316
2016,48,2,510572
2016,49,2,502299
2016,5,2,518282
2016,50,2,504163
2016,51,2,527242
2016,52,2,528700
2016,53,2,527145
2016,54,2,520249
2016,55,2,522636
2016,56,2,530367
2016,57,2,502529
2016,58,2,496419
2016,59,2,485111
2016,6,2,504921
2016,60,2,473039
2016,61,2,468788
2016,62,2,442968
2016,63,2,424241
2016,64,2,403425
2016,65,2,387427
2016,66,2,385880
2016,67,2,366052
2016,68,2,359699
2016,69,2,350691
2016,7,2,512039
2016,70,2,293414
2016,71,2,274915
2016,72,2,259715
2016,73,2,250757
2016,74,2,226639
2016,75,2,208461
2016,76,2,196865
2016,77,2,182243
2016,78,2,171357
2016,79,2,159836
2016,8,2,527716
2016,80,2,153725
2016,81,2,141285
2016,82,2,126835
2016,83,2,120814
2016,84,2,113310
2016,85,2,115374
2016,86,2,102957
2016,87,2,88180
2016,88,2,80470
2016,89,2,73410
2016,9,2,530421
2016,90,2,66017
2016,91,2,50769
2016,92,2,38930
2016,93,2,32134
2016,94,2,26505
2016,95,2,20420
2016,96,2,13203
2016,97,2,7984
2016,98,2,5534
2016,99,2,3534
2017,0,2,486949
2017,1,2,484571
2017,10,2,532766
2017,100,2,2655
2017,101,2,1479
2017,102,2,495
2017,103,2,144
2017,104,2,114
2017,105,2,111
2017,106,2,61
2017,107,2,93
2017,108,2,132
2017,109,2,72
2017,11,2,523721
2017,110,2,46
2017,111,2,18
2017,112,2,17
2017,113,2,6
2017,114,2,4
2017,115,2,1
2017,117,2,1
2017,12,2,518111
2017,13,2,513948
2017,14,2,510140
2017,15,2,529450
2017,16,2,536596
2017,17,2,541082
2017,18,2,576676
2017,19,2,603925
2017,2,2,499559
2017,20,2,626684
2017,21,2,627314
2017,22,2,600180
2017,23,2,596031
2017,24,2,595786
2017,25,2,558481
2017,26,2,516223
2017,27,2,502744
2017,28,2,495716
2017,29,2,498987
2017,3,2,502387
2017,30,2,507653
2017,31,2,517180
2017,32,2,542999
2017,33,2,553349
2017,34,2,562397
2017,35,2,559465
2017,36,2,547990
2017,37,2,551378
2017,38,2,517002
2017,39,2,509900
2017,4,2,506124
2017,40,2,503964
2017,41,2,499590
2017,42,2,513075
2017,43,2,500797
2017,44,2,504355
2017,45,2,514396
2017,46,2,536369
2017,47,2,557269
2017,48,2,527646
2017,49,2,510292
2017,5,2,506430
2017,50,2,500915
2017,51,2,501916
2017,52,2,525166
2017,53,2,526638
2017,54,2,525082
2017,55,2,517026
2017,56,2,519443
2017,57,2,526920
2017,58,2,499276
2017,59,2,493717
2017,6,2,520661
2017,60,2,481423
2017,61,2,469437
2017,62,2,465348
2017,63,2,439578
2017,64,2,420280
2017,65,2,400230
2017,66,2,383584
2017,67,2,382033
2017,68,2,362136
2017,69,2,355899
2017,7,2,507184
2017,70,2,347637
2017,71,2,288753
2017,72,2,270646
2017,73,2,255111
2017,74,2,246707
2017,75,2,224407
2017,76,2,202229
2017,77,2,191558
2017,78,2,177005
2017,79,2,166668
2017,8,2,513905
2017,80,2,157702
2017,81,2,145952
2017,82,2,134336
2017,83,2,120815
2017,84,2,114837
2017,85,2,112880
2017,86,2,105880
2017,87,2,94220
2017,88,2,80823
2017,89,2,73578
2017,9,2,529584
2017,90,2,66792
2017,91,2,55656
2017,92,2,42431
2017,93,2,32485
2017,94,2,26933
2017,95,2,22070
2017,96,2,15162
2017,97,2,9804
2017,98,2,5988
2017,99,2,4085
2018,0,2,482367
2018,1,2,484656
2018,10,2,531984
2018,100,2,3083
2018,101,2,1629
2018,102,2,951
2018,103,2,299
2018,104,2,91
2018,105,2,91
2018,106,2,53
2018,107,2,30
2018,108,2,45
2018,109,2,64
2018,11,2,534724
2018,110,2,40
2018,111,2,16
2018,112,2,7
2018,113,2,7
2018,114,2,2
2018,115,2,2
2018,118,2,1
2018,12,2,525785
2018,13,2,520002
2018,14,2,515611
2018,15,2,535722
2018,16,2,527532
2018,17,2,538386
2018,18,2,583593
2018,19,2,604675
2018,2,2,488727
2018,20,2,618962
2018,21,2,618638
2018,22,2,614775
2018,23,2,589073
2018,24,2,589845
2018,25,2,577289
2018,26,2,535773
2018,27,2,521168
2018,28,2,506806
2018,29,2,499136
2018,3,2,503280
2018,30,2,501759
2018,31,2,507953
2018,32,2,518491
2018,33,2,543676
2018,34,2,554730
2018,35,2,563306
2018,36,2,555741
2018,37,2,549224
2018,38,2,552398
2018,39,2,518812
2018,4,2,505691
2018,40,2,511116
2018,41,2,503892
2018,42,2,500070
2018,43,2,513498
2018,44,2,501455
2018,45,2,505338
2018,46,2,513871
2018,47,2,536160
2018,48,2,556549
2018,49,2,527415
2018,5,2,509272
2018,50,2,508987
2018,51,2,498678
2018,52,2,500218
2018,53,2,523290
2018,54,2,524670
2018,55,2,521984
2018,56,2,514002
2018,57,2,516294
2018,58,2,523691
2018,59,2,496555
2018,6,2,509010
2018,60,2,490301
2018,61,2,477876
2018,62,2,466166
2018,63,2,462090
2018,64,2,435667
2018,65,2,417204
2018,66,2,396442
2018,67,2,379885
2018,68,2,378000
2018,69,2,358459
2018,7,2,522987
2018,70,2,352660
2018,71,2,342202
2018,72,2,284406
2018,73,2,265965
2018,74,2,251165
2018,75,2,244393
2018,76,2,217801
2018,77,2,197013
2018,78,2,186097
2018,79,2,172230
2018,8,2,509322
2018,80,2,164229
2018,81,2,149961
2018,82,2,138831
2018,83,2,127718
2018,84,2,115136
2018,85,2,114503
2018,86,2,103597
2018,87,2,97103
2018,88,2,86521
2018,89,2,73987
2018,9,2,515960
2018,90,2,67097
2018,91,2,56171
2018,92,2,46537
2018,93,2,35446
2018,94,2,27321
2018,95,2,22481
2018,96,2,16390
2018,97,2,11287
2018,98,2,7299
2018,99,2,4471
2019,0,2,480147
2019,1,2,480144
2019,10,2,518551
2019,100,2,3386
2019,101,2,1972
2019,102,2,1013
2019,103,2,608
2019,104,2,196
2019,105,2,61
2019,106,2,42
2019,107,2,28
2019,108,2,15
2019,109,2,17
2019,11,2,534126
2019,110,2,29
2019,111,2,14
2019,112,2,5
2019,113,2,3
2019,114,2,3
2019,12,2,536843
2019,13,2,527713
2019,14,2,521763
2019,15,2,541247
2019,16,2,534020
2019,17,2,529735
2019,18,2,581239
2019,19,2,612082
2019,2,2,488956
2019,20,2,620011
2019,21,2,611015
2019,22,2,606123
2019,23,2,603897
2019,24,2,583088
2019,25,2,571477
2019,26,2,554860
2019,27,2,540899
2019,28,2,525449
2019,29,2,510308
2019,3,2,492768
2019,30,2,502018
2019,31,2,502133
2019,32,2,509447
2019,33,2,519266
2019,34,2,545210
2019,35,2,555610
2019,36,2,559831
2019,37,2,557175
2019,38,2,550270
2019,39,2,554169
2019,4,2,506753
2019,40,2,520077
2019,41,2,511180
2019,42,2,504448
2019,43,2,500708
2019,44,2,514160
2019,45,2,502512
2019,46,2,504805
2019,47,2,513784
2019,48,2,535713
2019,49,2,556338
2019,5,2,509030
2019,50,2,526221
2019,51,2,506941
2019,52,2,497091
2019,53,2,498491
2019,54,2,521460
2019,55,2,521700
2019,56,2,519214
2019,57,2,511056
2019,58,2,513276
2019,59,2,521036
2019,6,2,511859
2019,60,2,493122
2019,61,2,486892
2019,62,2,474755
2019,63,2,463010
2019,64,2,458285
2019,65,2,432624
2019,66,2,413552
2019,67,2,392669
2019,68,2,376178
2019,69,2,374224
2019,7,2,511614
2019,70,2,355563
2019,71,2,347372
2019,72,2,337167
2019,73,2,279775
2019,74,2,261874
2019,75,2,248943
2019,76,2,237460
2019,77,2,212265
2019,78,2,191496
2019,79,2,181228
2019,8,2,525148
2019,80,2,169960
2019,81,2,156309
2019,82,2,142836
2019,83,2,132213
2019,84,2,121755
2019,85,2,114744
2019,86,2,105442
2019,87,2,95101
2019,88,2,89312
2019,89,2,79330
2019,9,2,511481
2019,90,2,67625
2019,91,2,56524
2019,92,2,46804
2019,93,2,39009
2019,94,2,29894
2019,95,2,22798
2019,96,2,16695
2019,97,2,12280
2019,98,2,8447
2019,99,2,5353
2020,0,2,476757
2020,1,2,478051
2020,10,2,514137
2020,100,2,4033
2020,101,2,2187
2020,102,2,1253
2020,103,2,662
2020,104,2,413
2020,105,2,126
2020,106,2,26
2020,107,2,24
2020,108,2,9
2020,109,2,6
2020,11,2,520814
2020,110,2,14
2020,111,2,6
2020,112,2,7
2020,113,2,1
2020,114,2,2
2020,115,2,1
2020,12,2,536263
2020,13,2,538828
2020,14,2,529564
2020,15,2,547451
2020,16,2,539904
2020,17,2,536361
2020,18,2,572905
2020,19,2,610021
2020,2,2,484577
2020,20,2,627777
2020,21,2,612128
2020,22,2,598645
2020,23,2,595318
2020,24,2,598038
2020,25,2,564886
2020,26,2,549259
2020,27,2,560064
2020,28,2,545222
2020,29,2,529072
2020,3,2,493100
2020,30,2,513410
2020,31,2,502596
2020,32,2,503581
2020,33,2,510255
2020,34,2,520922
2020,35,2,546206
2020,36,2,552280
2020,37,2,561290
2020,38,2,558265
2020,39,2,552252
2020,4,2,496421
2020,40,2,555400
2020,41,2,520104
2020,42,2,511749
2020,43,2,505103
2020,44,2,501510
2020,45,2,515366
2020,46,2,502130
2020,47,2,504895
2020,48,2,513529
2020,49,2,535812
2020,5,2,510241
2020,50,2,555094
2020,51,2,524176
2020,52,2,505439
2020,53,2,495530
2020,54,2,496904
2020,55,2,518623
2020,56,2,518977
2020,57,2,516385
2020,58,2,508091
2020,59,2,510872
2020,6,2,511691
2020,60,2,517704
2020,61,2,489931
2020,62,2,483895
2020,63,2,471705
2020,64,2,459250
2020,65,2,455218
2020,66,2,428758
2020,67,2,409904
2020,68,2,389006
2020,69,2,372721
2020,7,2,514550
2020,70,2,371332
2020,71,2,350356
2020,72,2,342175
2020,73,2,332031
2020,74,2,275674
2020,75,2,259459
2020,76,2,242231
2020,77,2,231471
2020,78,2,206586
2020,79,2,186717
2020,8,2,513893
2020,80,2,178776
2020,81,2,161944
2020,82,2,149061
2020,83,2,136178
2020,84,2,126170
2020,85,2,121133
2020,86,2,105848
2020,87,2,97014
2020,88,2,87493
2020,89,2,82046
2020,9,2,527422
2020,90,2,72570
2020,91,2,57179
2020,92,2,47456
2020,93,2,39340
2020,94,2,32916
2020,95,2,25023
2020,96,2,16920
2020,97,2,12453
2020,98,2,9176
2020,99,2,6303
2021,0,2,473800
2021,1,2,474676
2021,10,2,530208
2021,100,2,4766
2021,101,2,2553
2021,102,2,1444
2021,103,2,773
2021,104,2,428
2021,105,2,275
2021,106,2,62
2021,107,2,12
2021,108,2,9
2021,109,2,3
2021,11,2,516378
2021,110,2,6
2021,111,2,4
2021,112,2,2
2021,113,2,4
2021,115,2,1
2021,12,2,523045
2021,13,2,538346
2021,14,2,540737
2021,15,2,555310
2021,16,2,546318
2021,17,2,542545
2021,18,2,579770
2021,19,2,601975
2021,2,2,482549
2021,20,2,625921
2021,21,2,620059
2021,22,2,599893
2021,23,2,587930
2021,24,2,589515
2021,25,2,579944
2021,26,2,542746
2021,27,2,554720
2021,28,2,564494
2021,29,2,548902
2021,3,2,488739
2021,30,2,532146
2021,31,2,513982
2021,32,2,504093
2021,33,2,504503
2021,34,2,512022
2021,35,2,522038
2021,36,2,542996
2021,37,2,553783
2021,38,2,562513
2021,39,2,560178
2021,4,2,497000
2021,40,2,553643
2021,41,2,555467
2021,42,2,520684
2021,43,2,512509
2021,44,2,505964
2021,45,2,502702
2021,46,2,515010
2021,47,2,502187
2021,48,2,504638
2021,49,2,513560
2021,5,2,499967
2021,50,2,534739
2021,51,2,553118
2021,52,2,522671
2021,53,2,503982
2021,54,2,494009
2021,55,2,494152
2021,56,2,516030
2021,57,2,516244
2021,58,2,513569
2021,59,2,505817
2021,6,2,512988
2021,60,2,507568
2021,61,2,514550
2021,62,2,487011
2021,63,2,480972
2021,64,2,468066
2021,65,2,456279
2021,66,2,451300
2021,67,2,425093
2021,68,2,406107
2021,69,2,385434
2021,7,2,514368
2021,70,2,370109
2021,71,2,366252
2021,72,2,345508
2021,73,2,336928
2021,74,2,327240
2021,75,2,273168
2021,76,2,252530
2021,77,2,236300
2021,78,2,225302
2021,79,2,201405
2021,8,2,516933
2021,80,2,184272
2021,81,2,170514
2021,82,2,154782
2021,83,2,142294
2021,84,2,130038
2021,85,2,125590
2021,86,2,111660
2021,87,2,97506
2021,88,2,89257
2021,89,2,80419
2021,9,2,516294
2021,90,2,75238
2021,91,2,61347
2021,92,2,47831
2021,93,2,40008
2021,94,2,33238
2021,95,2,27610
2021,96,2,18622
2021,97,2,12637
2021,98,2,9337
2021,99,2,6861
2022,0,2,472070
2022,1,2,471737
2022,10,2,519103
2022,100,2,5240
2022,101,2,3047
2022,102,2,1642
2022,103,2,948
2022,104,2,511
2022,105,2,294
2022,106,2,135
2022,107,2,28
2022,108,2,2
2022,109,2,4
2022,11,2,532541
2022,110,2,5
2022,111,2,1
2022,114,2,1
2022,116,2,1
2022,12,2,518648
2022,13,2,525086
2022,14,2,540296
2022,15,2,566600
2022,16,2,554316
2022,17,2,549083
2022,18,2,586113
2022,19,2,609060
2022,2,2,479298
2022,20,2,618230
2022,21,2,618276
2022,22,2,607931
2022,23,2,589186
2022,24,2,582210
2022,25,2,571506
2022,26,2,557898
2022,27,2,548299
2022,28,2,559257
2022,29,2,568262
2022,3,2,486871
2022,30,2,552120
2022,31,2,532704
2022,32,2,515665
2022,33,2,505064
2022,34,2,506280
2022,35,2,513212
2022,36,2,518877
2022,37,2,544575
2022,38,2,555090
2022,39,2,564502
2022,4,2,492505
2022,40,2,561516
2022,41,2,553821
2022,42,2,556172
2022,43,2,521419
2022,44,2,513363
2022,45,2,507292
2022,46,2,502453
2022,47,2,515138
2022,48,2,501958
2022,49,2,504781
2022,5,2,500806
2022,50,2,512475
2022,51,2,532999
2022,52,2,551563
2022,53,2,521137
2022,54,2,502451
2022,55,2,491376
2022,56,2,491863
2022,57,2,513298
2022,58,2,513497
2022,59,2,511345
2022,6,2,502824
2022,60,2,502719
2022,61,2,504686
2022,62,2,511711
2022,63,2,484201
2022,64,2,477402
2022,65,2,465124
2022,66,2,452652
2022,67,2,447574
2022,68,2,421318
2022,69,2,402601
2022,7,2,515784
2022,70,2,382554
2022,71,2,365240
2022,72,2,361328
2022,73,2,340399
2022,74,2,332217
2022,75,2,324202
2022,76,2,266080
2022,77,2,246661
2022,78,2,230212
2022,79,2,219792
2022,8,2,516804
2022,80,2,198619
2022,81,2,176003
2022,82,2,162894
2022,83,2,147916
2022,84,2,136078
2022,85,2,129252
2022,86,2,115973
2022,87,2,103002
2022,88,2,89945
2022,89,2,82251
2022,9,2,519373
2022,90,2,73820
2022,91,2,63521
2022,92,2,51370
2022,93,2,40249
2022,94,2,33782
2022,95,2,27798
2022,96,2,20742
2022,97,2,13914
2022,98,2,9491
2022,99,2,7037
2023,0,2,470036
2023,1,2,469988
2023,10,2,522188
2023,100,2,5384
2023,101,2,3418
2023,102,2,2017
2023,103,2,1070
2023,104,2,617
2023,105,2,335
2023,106,2,141
2023,107,2,79
2023,108,2,16
2023,109,2,1
2023,11,2,521450
2023,110,2,3
2023,111,2,1
2023,112,2,1
2023,12,2,535007
2023,13,2,520689
2023,14,2,527053
2023,15,2,566057
2023,16,2,565774
2023,17,2,557330
2023,18,2,592784
2023,19,2,615591
2023,2,2,476461
2023,20,2,625491
2023,21,2,610688
2023,22,2,606222
2023,23,2,597342
2023,24,2,583485
2023,25,2,564176
2023,26,2,549648
2023,27,2,563422
2023,28,2,552907
2023,29,2,563140
2023,3,2,483719
2023,30,2,571456
2023,31,2,552728
2023,32,2,534361
2023,33,2,516710
2023,34,2,506892
2023,35,2,507447
2023,36,2,510180
2023,37,2,520596
2023,38,2,545896
2023,39,2,557153
2023,4,2,490734
2023,40,2,565813
2023,41,2,561735
2023,42,2,554479
2023,43,2,556869
2023,44,2,522452
2023,45,2,514739
2023,46,2,507002
2023,47,2,502623
2023,48,2,514983
2023,49,2,502076
2023,5,2,496285
2023,50,2,503832
2023,51,2,510785
2023,52,2,531683
2023,53,2,549922
2023,54,2,519740
2023,55,2,499970
2023,56,2,489179
2023,57,2,489472
2023,58,2,510793
2023,59,2,511314
2023,6,2,503731
2023,60,2,508337
2023,61,2,499882
2023,62,2,501922
2023,63,2,508865
2023,64,2,480758
2023,65,2,474600
2023,66,2,461580
2023,67,2,449007
2023,68,2,443627
2023,69,2,417727
2023,7,2,505707
2023,70,2,400038
2023,71,2,377661
2023,72,2,360381
2023,73,2,355953
2023,74,2,335726
2023,75,2,329279
2023,76,2,315737
2023,77,2,259782
2023,78,2,240459
2023,79,2,224873
2023,8,2,518292
2023,80,2,216640
2023,81,2,189941
2023,82,2,168338
2023,83,2,155815
2023,84,2,141488
2023,85,2,135130
2023,86,2,119667
2023,87,2,107134
2023,88,2,95135
2023,89,2,82961
2023,9,2,519287
2023,90,2,75477
2023,91,2,62395
2023,92,2,53300
2023,93,2,43267
2023,94,2,33966
2023,95,2,28361
2023,96,2,21042
2023,97,2,15535
2023,98,2,10517
2023,99,2,7178
2024,0,2,467674
2024,1,2,468075
2024,10,2,522059
2024,100,2,5488
2024,101,2,3469
2024,102,2,2206
2024,103,2,1301
2024,104,2,706
2024,105,2,431
2024,106,2,160
2024,107,2,71
2024,108,2,34
2024,109,2,8
2024,11,2,524595
2024,110,2,3
2024,112,2,1
2024,12,2,523818
2024,13,2,537173
2024,14,2,522661
2024,15,2,552895
2024,16,2,565472
2024,17,2,568980
2024,18,2,601199
2024,19,2,622428
2024,2,2,474914
2024,20,2,632081
2024,21,2,617988
2024,22,2,598706
2024,23,2,595720
2024,24,2,591718
2024,25,2,565564
2024,26,2,542439
2024,27,2,555251
2024,28,2,567980
2024,29,2,556862
2024,3,2,480843
2024,30,2,566449
2024,31,2,572107
2024,32,2,554402
2024,33,2,535414
2024,34,2,518536
2024,35,2,508137
2024,36,2,504451
2024,37,2,511943
2024,38,2,522000
2024,39,2,547968
2024,4,2,487701
2024,40,2,558521
2024,41,2,566063
2024,42,2,562506
2024,43,2,555241
2024,44,2,557798
2024,45,2,523807
2024,46,2,514499
2024,47,2,507243
2024,48,2,502468
2024,49,2,515166
2024,5,2,494477
2024,50,2,501122
2024,51,2,502285
2024,52,2,509665
2024,53,2,530358
2024,54,2,548473
2024,55,2,517150
2024,56,2,497873
2024,57,2,486969
2024,58,2,487128
2024,59,2,508841
2024,6,2,499374
2024,60,2,508375
2024,61,2,505561
2024,62,2,497589
2024,63,2,499183
2024,64,2,505232
2024,65,2,477975
2024,66,2,470898
2024,67,2,458006
2024,68,2,445205
2024,69,2,439983
2024,7,2,506614
2024,70,2,415045
2024,71,2,394857
2024,72,2,373046
2024,73,2,355365
2024,74,2,351233
2024,75,2,332841
2024,76,2,320911
2024,77,2,308272
2024,78,2,253353
2024,79,2,234785
2024,8,2,508200
2024,80,2,221816
2024,81,2,207208
2024,82,2,181806
2024,83,2,161124
2024,84,2,149048
2024,85,2,140377
2024,86,2,125091
2024,87,2,110643
2024,88,2,99091
2024,89,2,87902
2024,9,2,520899
2024,90,2,76359
2024,91,2,64049
2024,92,2,52471
2024,93,2,44958
2024,94,2,36642
2024,95,2,28617
2024,96,2,21471
2024,97,2,15912
2024,98,2,11724
2024,99,2,8047
2025,0,2,466923
2025,1,2,465698
2025,10,2,523838
2025,100,2,6163
2025,101,2,3515
2025,102,2,2278
2025,103,2,1472
2025,104,2,850
2025,105,2,491
2025,106,2,213
2025,107,2,94
2025,108,2,43
2025,109,2,15
2025,11,2,524499
2025,110,2,7
2025,12,2,526900
2025,13,2,525998
2025,14,2,539260
2025,15,2,548499
2025,16,2,552471
2025,17,2,568658
2025,18,2,612902
2025,19,2,631052
2025,2,2,472891
2025,20,2,639202
2025,21,2,624623
2025,22,2,605981
2025,23,2,588186
2025,24,2,590181
2025,25,2,573914
2025,26,2,543679
2025,27,2,548100
2025,28,2,559970
2025,29,2,571939
2025,3,2,479428
2025,30,2,560334
2025,31,2,567071
2025,32,2,573859
2025,33,2,555405
2025,34,2,537237
2025,35,2,519821
2025,36,2,505169
2025,37,2,506398
2025,38,2,513391
2025,39,2,524159
2025,4,2,484917
2025,40,2,549331
2025,41,2,558769
2025,42,2,566842
2025,43,2,563361
2025,44,2,556254
2025,45,2,559091
2025,46,2,523613
2025,47,2,514705
2025,48,2,507127
2025,49,2,502715
2025,5,2,491554
2025,50,2,514200
2025,51,2,499682
2025,52,2,501239
2025,53,2,508475
2025,54,2,528967
2025,55,2,545980
2025,56,2,515008
2025,57,2,495597
2025,58,2,484725
2025,59,2,485223
2025,6,2,497547
2025,60,2,506062
2025,61,2,505815
2025,62,2,503164
2025,63,2,495003
2025,64,2,495841
2025,65,2,502398
2025,66,2,474568
2025,67,2,467378
2025,68,2,454348
2025,69,2,441701
2025,7,2,502391
2025,70,2,436995
2025,71,2,409731
2025,72,2,389961
2025,73,2,368081
2025,74,2,350633
2025,75,2,348096
2025,76,2,324642
2025,77,2,313636
2025,78,2,300790
2025,79,2,247630
2025,8,2,509098
2025,80,2,231568
2025,81,2,212269
2025,82,2,198427
2025,83,2,174166
2025,84,2,154218
2025,85,2,147837
2025,86,2,130123
2025,87,2,115673
2025,88,2,102509
2025,89,2,91634
2025,9,2,510762
2025,90,2,80998
2025,91,2,64818
2025,92,2,53809
2025,93,2,44409
2025,94,2,38182
2025,95,2,30906
2025,96,2,21650
2025,97,2,16323
2025,98,2,12112
2025,99,2,8951
2026,0,2,466396
2026,1,2,464969
2026,10,2,513640
2026,100,2,6810
2026,101,2,3999
2026,102,2,2335
2026,103,2,1531
2026,104,2,994
2026,105,2,588
2026,106,2,259
2026,107,2,107
2026,108,2,48
2026,109,2,21
2026,11,2,526269
2026,110,2,13
2026,111,2,2
2026,12,2,526889
2026,13,2,529048
2026,14,2,528001
2026,15,2,565265
2026,16,2,548289
2026,17,2,555891
2026,18,2,612654
2026,19,2,642773
2026,2,2,470611
2026,20,2,648001
2026,21,2,631793
2026,22,2,612543
2026,23,2,595587
2026,24,2,582699
2026,25,2,572496
2026,26,2,552195
2026,27,2,549331
2026,28,2,552857
2026,29,2,564010
2026,3,2,477411
2026,30,2,575338
2026,31,2,561044
2026,32,2,568805
2026,33,2,575025
2026,34,2,557296
2026,35,2,538434
2026,36,2,516912
2026,37,2,506993
2026,38,2,507953
2026,39,2,515495
2026,4,2,483506
2026,40,2,525659
2026,41,2,549708
2026,42,2,559623
2026,43,2,567708
2026,44,2,564438
2026,45,2,557510
2026,46,2,558811
2026,47,2,523827
2026,48,2,514578
2026,49,2,507470
2026,5,2,488888
2026,50,2,501793
2026,51,2,512789
2026,52,2,498616
2026,53,2,500098
2026,54,2,507398
2026,55,2,526556
2026,56,2,543780
2026,57,2,512772
2026,58,2,493318
2026,59,2,483109
2026,6,2,494651
2026,60,2,482627
2026,61,2,503502
2026,62,2,503512
2026,63,2,500657
2026,64,2,491843
2026,65,2,493113
2026,66,2,498828
2026,67,2,471231
2026,68,2,463710
2026,69,2,450778
2026,7,2,500605
2026,70,2,438827
2026,71,2,431747
2026,72,2,404773
2026,73,2,384730
2026,74,2,363473
2026,75,2,347656
2026,76,2,339570
2026,77,2,317442
2026,78,2,306261
2026,79,2,293955
2026,8,2,505076
2026,80,2,244217
2026,81,2,221769
2026,82,2,203547
2026,83,2,190192
2026,84,2,167043
2026,85,2,152741
2026,86,2,137293
2026,87,2,120658
2026,88,2,107298
2026,89,2,94936
2026,9,2,511631
2026,90,2,84624
2026,91,2,68644
2026,92,2,54646
2026,93,2,45430
2026,94,2,37624
2026,95,2,32320
2026,96,2,23438
2026,97,2,16438
2026,98,2,12479
2026,99,2,9183
2027,0,2,465248
2027,1,2,464430
2027,10,2,514662
2027,100,2,7060
2027,101,2,4480
2027,102,2,2659
2027,103,2,1579
2027,104,2,1033
2027,105,2,673
2027,106,2,300
2027,107,2,139
2027,108,2,52
2027,109,2,19
2027,11,2,516117
2027,110,2,16
2027,111,2,5
2027,112,2,1
2027,12,2,528769
2027,13,2,529065
2027,14,2,531115
2027,15,2,553882
2027,16,2,565025
2027,17,2,551820
2027,18,2,600124
2027,19,2,642734
2027,2,2,469964
2027,20,2,659789
2027,21,2,640583
2027,22,2,619912
2027,23,2,602156
2027,24,2,590135
2027,25,2,565019
2027,26,2,550810
2027,27,2,557974
2027,28,2,554062
2027,29,2,556956
2027,3,2,475287
2027,30,2,567444
2027,31,2,576050
2027,32,2,562825
2027,33,2,569991
2027,34,2,576828
2027,35,2,558677
2027,36,2,535442
2027,37,2,518860
2027,38,2,508484
2027,39,2,510139
2027,4,2,481457
2027,40,2,517002
2027,41,2,526087
2027,42,2,550574
2027,43,2,560471
2027,44,2,568759
2027,45,2,565805
2027,46,2,557302
2027,47,2,558963
2027,48,2,523738
2027,49,2,514821
2027,5,2,487480
2027,50,2,506671
2027,51,2,500474
2027,52,2,511824
2027,53,2,497574
2027,54,2,499102
2027,55,2,505145
2027,56,2,524569
2027,57,2,541328
2027,58,2,510567
2027,59,2,491723
2027,6,2,492033
2027,60,2,480610
2027,61,2,480488
2027,62,2,501229
2027,63,2,501144
2027,64,2,497623
2027,65,2,489252
2027,66,2,489721
2027,67,2,495279
2027,68,2,467560
2027,69,2,460179
2027,7,2,497682
2027,70,2,448071
2027,71,2,433596
2027,72,2,426557
2027,73,2,399578
2027,74,2,380034
2027,75,2,360537
2027,76,2,339476
2027,77,2,332148
2027,78,2,309999
2027,79,2,299487
2027,8,2,503154
2027,80,2,289686
2027,81,2,234009
2027,82,2,212617
2027,83,2,195114
2027,84,2,182262
2027,85,2,165221
2027,86,2,142020
2027,87,2,127487
2027,88,2,112068
2027,89,2,99447
2027,9,2,507709
2027,90,2,87860
2027,91,2,72010
2027,92,2,57989
2027,93,2,46475
2027,94,2,38666
2027,95,2,31722
2027,96,2,24527
2027,97,2,17852
2027,98,2,12555
2027,99,2,9516
2028,0,2,465200
2028,1,2,463425
2028,10,2,510769
2028,100,2,7331
2028,101,2,4705
2028,102,2,2956
2028,103,2,1803
2028,104,2,1077
2028,105,2,724
2028,106,2,361
2028,107,2,156
2028,108,2,71
2028,109,2,23
2028,11,2,517147
2028,110,2,16
2028,111,2,6
2028,112,2,2
2028,12,2,518598
2028,13,2,531001
2028,14,2,531099
2028,15,2,557097
2028,16,2,553687
2028,17,2,568686
2028,18,2,596168
2028,19,2,630407
2028,2,2,469463
2028,20,2,659903
2028,21,2,652429
2028,22,2,628654
2028,23,2,609564
2028,24,2,596774
2028,25,2,572569
2028,26,2,543382
2028,27,2,556893
2028,28,2,562662
2028,29,2,558163
2028,3,2,474669
2028,30,2,560377
2028,31,2,568252
2028,32,2,577832
2028,33,2,564055
2028,34,2,571834
2028,35,2,578166
2028,36,2,555580
2028,37,2,537296
2028,38,2,520422
2028,39,2,510813
2028,4,2,479442
2028,40,2,511707
2028,41,2,517468
2028,42,2,526992
2028,43,2,551557
2028,44,2,561529
2028,45,2,570151
2028,46,2,565631
2028,47,2,557577
2028,48,2,558773
2028,49,2,524038
2028,5,2,485388
2028,50,2,513925
2028,51,2,505460
2028,52,2,499546
2028,53,2,510753
2028,54,2,496589
2028,55,2,496906
2028,56,2,503248
2028,57,2,522450
2028,58,2,539088
2028,59,2,508917
2028,6,2,490738
2028,60,2,489172
2028,61,2,478503
2028,62,2,478476
2028,63,2,499136
2028,64,2,498176
2028,65,2,495120
2028,66,2,486090
2028,67,2,486408
2028,68,2,491457
2028,69,2,464257
2028,7,2,495056
2028,70,2,457365
2028,71,2,443011
2028,72,2,428825
2028,73,2,421156
2028,74,2,394679
2028,75,2,377050
2028,76,2,352201
2028,77,2,332307
2028,78,2,324672
2028,79,2,303261
2028,8,2,500351
2028,80,2,295126
2028,81,2,278038
2028,82,2,224422
2028,83,2,203887
2028,84,2,187357
2028,85,2,180059
2028,86,2,153983
2028,87,2,131845
2028,88,2,118592
2028,89,2,104141
2028,9,2,505744
2028,90,2,91979
2028,91,2,74850
2028,92,2,60874
2028,93,2,49134
2028,94,2,39524
2028,95,2,32704
2028,96,2,24266
2028,97,2,18749
2028,98,2,13585
2028,99,2,9569
2029,0,2,465327
2029,1,2,463372
2029,10,2,508769
2029,100,2,7357
2029,101,2,4929
2029,102,2,3172
2029,103,2,1998
2029,104,2,1200
2029,105,2,748
2029,106,2,408
2029,107,2,181
2029,108,2,89
2029,109,2,32
2029,11,2,513314
2029,110,2,20
2029,111,2,3
2029,112,2,2
2029,113,2,1
2029,12,2,519548
2029,13,2,520924
2029,14,2,533116
2029,15,2,557053
2029,16,2,557127
2029,17,2,557401
2029,18,2,613066
2029,19,2,626552
2029,2,2,468564
2029,20,2,647733
2029,21,2,652514
2029,22,2,640588
2029,23,2,618426
2029,24,2,604192
2029,25,2,579161
2029,26,2,550964
2029,27,2,549219
2029,28,2,561797
2029,29,2,566766
2029,3,2,474163
2029,30,2,561763
2029,31,2,561274
2029,32,2,570083
2029,33,2,579019
2029,34,2,565986
2029,35,2,573224
2029,36,2,575233
2029,37,2,557395
2029,38,2,538834
2029,39,2,522751
2029,4,2,478834
2029,40,2,512396
2029,41,2,512317
2029,42,2,518368
2029,43,2,527971
2029,44,2,552630
2029,45,2,562920
2029,46,2,569956
2029,47,2,565915
2029,48,2,557581
2029,49,2,558986
2029,5,2,483477
2029,50,2,523139
2029,51,2,512709
2029,52,2,504603
2029,53,2,498647
2029,54,2,509798
2029,55,2,494542
2029,56,2,495145
2029,57,2,501321
2029,58,2,520410
2029,59,2,537386
2029,6,2,488584
2029,60,2,506432
2029,61,2,487200
2029,62,2,476744
2029,63,2,476440
2029,64,2,496298
2029,65,2,495719
2029,66,2,492063
2029,67,2,482839
2029,68,2,482976
2029,69,2,488035
2029,7,2,493764
2029,70,2,461656
2029,71,2,452259
2029,72,2,438197
2029,73,2,423465
2029,74,2,416194
2029,75,2,391719
2029,76,2,368481
2029,77,2,344764
2029,78,2,324844
2029,79,2,317766
2029,8,2,497882
2029,80,2,299207
2029,81,2,283110
2029,82,2,267035
2029,83,2,215434
2029,84,2,195784
2029,85,2,184980
2029,86,2,167679
2029,87,2,143267
2029,88,2,122844
2029,89,2,110240
2029,9,2,503062
2029,90,2,96419
2029,91,2,78472
2029,92,2,63422
2029,93,2,51664
2029,94,2,41836
2029,95,2,33440
2029,96,2,24912
2029,97,2,18673
2029,98,2,14365
2029,99,2,10415
2030,0,2,464413
2030,1,2,463398
2030,10,2,506170
2030,100,2,7966
2030,101,2,4985
2030,102,2,3347
2030,103,2,2157
2030,104,2,1385
2030,105,2,839
2030,106,2,383
2030,107,2,213
2030,108,2,94
2030,109,2,45
2030,11,2,511252
2030,110,2,18
2030,111,2,8
2030,112,2,2
2030,113,2,1
2030,12,2,515876
2030,13,2,521839
2030,14,2,523012
2030,15,2,559124
2030,16,2,556989
2030,17,2,560865
2030,18,2,601984
2030,19,2,643585
2030,2,2,468437
2030,20,2,644195
2030,21,2,640400
2030,22,2,640689
2030,23,2,630402
2030,24,2,613041
2030,25,2,586633
2030,26,2,557508
2030,27,2,556956
2030,28,2,554195
2030,29,2,565999
2030,3,2,473328
2030,30,2,570292
2030,31,2,562620
2030,32,2,563180
2030,33,2,571242
2030,34,2,580983
2030,35,2,567377
2030,36,2,570264
2030,37,2,577120
2030,38,2,558920
2030,39,2,541132
2030,4,2,478396
2030,40,2,524351
2030,41,2,513029
2030,42,2,513277
2030,43,2,519416
2030,44,2,529050
2030,45,2,554080
2030,46,2,562768
2030,47,2,570237
2030,48,2,565871
2030,49,2,557858
2030,5,2,482939
2030,50,2,558145
2030,51,2,521965
2030,52,2,511913
2030,53,2,503705
2030,54,2,497814
2030,55,2,507689
2030,56,2,492968
2030,57,2,493324
2030,58,2,499335
2030,59,2,518835
2030,6,2,486692
2030,60,2,534853
2030,61,2,504346
2030,62,2,485376
2030,63,2,474980
2030,64,2,473763
2030,65,2,494047
2030,66,2,492752
2030,67,2,488972
2030,68,2,479560
2030,69,2,479590
2030,7,2,491742
2030,70,2,485273
2030,71,2,456639
2030,72,2,447339
2030,73,2,432903
2030,74,2,418692
2030,75,2,412912
2030,76,2,383131
2030,77,2,361036
2030,78,2,337290
2030,79,2,318242
2030,8,2,496474
2030,80,2,313360
2030,81,2,287417
2030,82,2,272183
2030,83,2,256438
2030,84,2,207055
2030,85,2,193303
2030,86,2,172451
2030,87,2,156174
2030,88,2,133567
2030,89,2,114207
2030,9,2,500576
2030,90,2,102258
2030,91,2,82369
2030,92,2,66487
2030,93,2,53908
2030,94,2,44007
2030,95,2,35599
2030,96,2,25584
2030,97,2,19094
2030,98,2,14343
2030,99,2,11034
2031,0,2,463779
2031,1,2,462613
2031,10,2,503742
2031,100,2,8616
2031,101,2,5347
2031,102,2,3432
2031,103,2,2288
2031,104,2,1511
2031,105,2,951
2031,106,2,425
2031,107,2,204
2031,108,2,114
2031,109,2,48
2031,11,2,508715
2031,110,2,28
2031,111,2,5
2031,112,2,4
2031,113,2,1
2031,12,2,513728
2031,13,2,518139
2031,14,2,524035
2031,15,2,549070
2031,16,2,559231
2031,17,2,560958
2031,18,2,605449
2031,19,2,632559
2031,2,2,468453
2031,20,2,661259
2031,21,2,636919
2031,22,2,628594
2031,23,2,630540
2031,24,2,625126
2031,25,2,595506
2031,26,2,565122
2031,27,2,563427
2031,28,2,561912
2031,29,2,558415
2031,3,2,473238
2031,30,2,569647
2031,31,2,571245
2031,32,2,564536
2031,33,2,564422
2031,34,2,573188
2031,35,2,582393
2031,36,2,564472
2031,37,2,572278
2031,38,2,578702
2031,39,2,561179
2031,4,2,477673
2031,40,2,542747
2031,41,2,524950
2031,42,2,514080
2031,43,2,514273
2031,44,2,520567
2031,45,2,530562
2031,46,2,553928
2031,47,2,563102
2031,48,2,570228
2031,49,2,566203
2031,5,2,482542
2031,50,2,556976
2031,51,2,556897
2031,52,2,521131
2031,53,2,511097
2031,54,2,502899
2031,55,2,495847
2031,56,2,505999
2031,57,2,491319
2031,58,2,491576
2031,59,2,497909
2031,6,2,486227
2031,60,2,516540
2031,61,2,532785
2031,62,2,502588
2031,63,2,483683
2031,64,2,472480
2031,65,2,471816
2031,66,2,491172
2031,67,2,489820
2031,68,2,485733
2031,69,2,476352
2031,7,2,489764
2031,70,2,477050
2031,71,2,480178
2031,72,2,451820
2031,73,2,442193
2031,74,2,428075
2031,75,2,415577
2031,76,2,403926
2031,77,2,375443
2031,78,2,353373
2031,79,2,330484
2031,8,2,494525
2031,80,2,314061
2031,81,2,301256
2031,82,2,276450
2031,83,2,261752
2031,84,2,246589
2031,85,2,204213
2031,86,2,180472
2031,87,2,160765
2031,88,2,145830
2031,89,2,124474
2031,9,2,499230
2031,90,2,106237
2031,91,2,87386
2031,92,2,69734
2031,93,2,56736
2031,94,2,46023
2031,95,2,37455
2031,96,2,27320
2031,97,2,19752
2031,98,2,14776
2031,99,2,10916
2032,0,2,464310
2032,1,2,461982
2032,10,2,502366
2032,100,2,8499
2032,101,2,5886
2032,102,2,3677
2032,103,2,2340
2032,104,2,1557
2032,105,2,1076
2032,106,2,527
2032,107,2,239
2032,108,2,103
2032,109,2,62
2032,11,2,506422
2032,110,2,35
2032,111,2,6
2032,112,2,1
2032,113,2,1
2032,114,2,1
2032,12,2,511233
2032,13,2,516010
2032,14,2,520347
2032,15,2,550000
2032,16,2,549288
2032,17,2,563198
2032,18,2,605642
2032,19,2,636109
2032,2,2,467807
2032,20,2,650499
2032,21,2,653953
2032,22,2,625148
2032,23,2,618438
2032,24,2,625264
2032,25,2,607703
2032,26,2,574031
2032,27,2,571025
2032,28,2,568459
2032,29,2,566142
2032,3,2,473317
2032,30,2,562086
2032,31,2,570526
2032,32,2,573145
2032,33,2,565802
2032,34,2,566495
2032,35,2,574594
2032,36,2,579517
2032,37,2,566415
2032,38,2,574024
2032,39,2,581107
2032,4,2,477529
2032,40,2,562759
2032,41,2,543309
2032,42,2,526035
2032,43,2,515207
2032,44,2,515520
2032,45,2,522099
2032,46,2,530546
2032,47,2,554336
2032,48,2,563017
2032,49,2,570538
2032,5,2,481900
2032,50,2,565270
2032,51,2,555768
2032,52,2,555971
2032,53,2,520286
2032,54,2,510257
2032,55,2,500948
2032,56,2,494376
2032,57,2,504187
2032,58,2,489614
2032,59,2,490308
2032,6,2,485846
2032,60,2,495559
2032,61,2,514719
2032,62,2,531000
2032,63,2,500715
2032,64,2,481198
2032,65,2,470552
2032,66,2,469269
2032,67,2,488289
2032,68,2,486505
2032,69,2,482660
2032,7,2,489431
2032,70,2,473990
2032,71,2,472311
2032,72,2,475329
2032,73,2,446690
2032,74,2,437410
2032,75,2,424888
2032,76,2,406750
2032,77,2,395949
2032,78,2,367710
2032,79,2,346302
2032,8,2,492584
2032,80,2,326146
2032,81,2,302131
2032,82,2,289837
2032,83,2,265986
2032,84,2,251893
2032,85,2,242104
2032,86,2,190991
2032,87,2,168655
2032,88,2,150071
2032,89,2,136119
2032,9,2,497262
2032,90,2,115936
2032,91,2,90730
2032,92,2,74122
2032,93,2,59407
2032,94,2,48534
2032,95,2,39034
2032,96,2,28809
2032,97,2,21107
2032,98,2,15155
2032,99,2,11335
2033,0,2,463859
2033,1,2,462520
2033,10,2,500319
2033,100,2,8721
2033,101,2,5803
2033,102,2,4032
2033,103,2,2511
2033,104,2,1645
2033,105,2,1054
2033,106,2,557
2033,107,2,313
2033,108,2,124
2033,109,2,66
2033,11,2,504978
2033,110,2,35
2033,111,2,13
2033,112,2,3
2033,114,2,1
2033,12,2,508941
2033,13,2,513568
2033,14,2,518183
2033,15,2,546443
2033,16,2,550296
2033,17,2,553374
2033,18,2,608021
2033,19,2,636438
2033,2,2,467262
2033,20,2,654059
2033,21,2,643245
2033,22,2,642280
2033,23,2,615019
2033,24,2,613228
2033,25,2,607786
2033,26,2,586290
2033,27,2,580186
2033,28,2,576003
2033,29,2,572716
2033,3,2,472626
2033,30,2,569765
2033,31,2,563023
2033,32,2,572472
2033,33,2,574450
2033,34,2,567816
2033,35,2,567972
2033,36,2,571788
2033,37,2,581548
2033,38,2,568054
2033,39,2,576294
2033,4,2,477767
2033,40,2,582768
2033,41,2,563298
2033,42,2,544361
2033,43,2,527244
2033,44,2,516417
2033,45,2,517073
2033,46,2,522040
2033,47,2,530893
2033,48,2,554341
2033,49,2,563402
2033,5,2,481688
2033,50,2,569742
2033,51,2,564036
2033,52,2,554837
2033,53,2,555034
2033,54,2,519475
2033,55,2,508290
2033,56,2,499413
2033,57,2,492725
2033,58,2,502448
2033,59,2,488286
2033,6,2,485303
2033,60,2,488053
2033,61,2,493842
2033,62,2,513018
2033,63,2,529028
2033,64,2,498133
2033,65,2,479289
2033,66,2,468175
2033,67,2,466739
2033,68,2,485241
2033,69,2,483524
2033,7,2,489105
2033,70,2,480255
2033,71,2,469429
2033,72,2,467608
2033,73,2,469954
2033,74,2,441907
2033,75,2,434406
2033,76,2,416187
2033,77,2,398748
2033,78,2,387884
2033,79,2,360544
2033,8,2,492270
2033,80,2,341752
2033,81,2,313889
2033,82,2,290886
2033,83,2,279060
2033,84,2,256219
2033,85,2,247687
2033,86,2,226337
2033,87,2,178481
2033,88,2,157925
2033,89,2,140165
2033,9,2,495363
2033,90,2,126769
2033,91,2,99235
2033,92,2,77190
2033,93,2,63229
2033,94,2,50900
2033,95,2,41360
2033,96,2,30018
2033,97,2,22240
2033,98,2,16314
2033,99,2,11736
2034,0,2,465328
2034,1,2,462124
2034,10,2,498475
2034,100,2,9189
2034,101,2,5958
2034,102,2,4088
2034,103,2,2822
2034,104,2,1780
2034,105,2,1154
2034,106,2,568
2034,107,2,286
2034,108,2,175
2034,109,2,71
2034,11,2,502977
2034,110,2,42
2034,111,2,17
2034,112,2,5
2034,113,2,2
2034,115,2,1
2034,12,2,507585
2034,13,2,511320
2034,14,2,515754
2034,15,2,544172
2034,16,2,546810
2034,17,2,554471
2034,18,2,598144
2034,19,2,638866
2034,2,2,467634
2034,20,2,654662
2034,21,2,646876
2034,22,2,631599
2034,23,2,632217
2034,24,2,609885
2034,25,2,595677
2034,26,2,586573
2034,27,2,592332
2034,28,2,585415
2034,29,2,580180
2034,3,2,472297
2034,30,2,576211
2034,31,2,570747
2034,32,2,565008
2034,33,2,573814
2034,34,2,576487
2034,35,2,569321
2034,36,2,565265
2034,37,2,573798
2034,38,2,583188
2034,39,2,570443
2034,4,2,477064
2034,40,2,577903
2034,41,2,583411
2034,42,2,564255
2034,43,2,545521
2034,44,2,528549
2034,45,2,518053
2034,46,2,517114
2034,47,2,522487
2034,48,2,530998
2034,49,2,554739
2034,5,2,482049
2034,50,2,562625
2034,51,2,568647
2034,52,2,563297
2034,53,2,553971
2034,54,2,554115
2034,55,2,517471
2034,56,2,506748
2034,57,2,497837
2034,58,2,491053
2034,59,2,501138
2034,6,2,485104
2034,60,2,486076
2034,61,2,486476
2034,62,2,492313
2034,63,2,511422
2034,64,2,526305
2034,65,2,496241
2034,66,2,476910
2034,67,2,465721
2034,68,2,463989
2034,69,2,482288
2034,7,2,488563
2034,70,2,481144
2034,71,2,475757
2034,72,2,464813
2034,73,2,462479
2034,74,2,465112
2034,75,2,438897
2034,76,2,425576
2034,77,2,408257
2034,78,2,390526
2034,79,2,380263
2034,8,2,491985
2034,80,2,355623
2034,81,2,328993
2034,82,2,302433
2034,83,2,280249
2034,84,2,268979
2034,85,2,251916
2034,86,2,232188
2034,87,2,211840
2034,88,2,167119
2034,89,2,147629
2034,9,2,495075
2034,90,2,130889
2034,91,2,108414
2034,92,2,84527
2034,93,2,65846
2034,94,2,54106
2034,95,2,43488
2034,96,2,31924
2034,97,2,23222
2034,98,2,17297
2034,99,2,12568
2035,0,2,467189
2035,1,2,463605
2035,10,2,498273
2035,100,2,9842
2035,101,2,6351
2035,102,2,4095
2035,103,2,2869
2035,104,2,1960
2035,105,2,1221
2035,106,2,621
2035,107,2,323
2035,108,2,160
2035,109,2,98
2035,11,2,501092
2035,110,2,43
2035,111,2,18
2035,112,2,9
2035,113,2,1
2035,114,2,2
2035,116,2,1
2035,12,2,505540
2035,13,2,509966
2035,14,2,513590
2035,15,2,541846
2035,16,2,544603
2035,17,2,551032
2035,18,2,599311
2035,19,2,629255
2035,2,2,467563
2035,20,2,657112
2035,21,2,647579
2035,22,2,635040
2035,23,2,621579
2035,24,2,627071
2035,25,2,592542
2035,26,2,574277
2035,27,2,592657
2035,28,2,597439
2035,29,2,589846
2035,3,2,472629
2035,30,2,583836
2035,31,2,577209
2035,32,2,572812
2035,33,2,566353
2035,34,2,575801
2035,35,2,577936
2035,36,2,566598
2035,37,2,567411
2035,38,2,575419
2035,39,2,585543
2035,4,2,476703
2035,40,2,572150
2035,41,2,578513
2035,42,2,584462
2035,43,2,565346
2035,44,2,546749
2035,45,2,530151
2035,46,2,518141
2035,47,2,517667
2035,48,2,522604
2035,49,2,531468
2035,5,2,481269
2035,50,2,553910
2035,51,2,561485
2035,52,2,567865
2035,53,2,562480
2035,54,2,553183
2035,55,2,552069
2035,56,2,516004
2035,57,2,505107
2035,58,2,496121
2035,59,2,489861
2035,6,2,485460
2035,60,2,499040
2035,61,2,484498
2035,62,2,485045
2035,63,2,490947
2035,64,2,509104
2035,65,2,524162
2035,66,2,493696
2035,67,2,474504
2035,68,2,463051
2035,69,2,461421
2035,7,2,488378
2035,70,2,480202
2035,71,2,476683
2035,72,2,471205
2035,73,2,460028
2035,74,2,457888
2035,75,2,461781
2035,76,2,430245
2035,77,2,417700
2035,78,2,400059
2035,79,2,383229
2035,8,2,491441
2035,80,2,375461
2035,81,2,342586
2035,82,2,317138
2035,83,2,291512
2035,84,2,270016
2035,85,2,264387
2035,86,2,236170
2035,87,2,217315
2035,88,2,198561
2035,89,2,156528
2035,9,2,494801
2035,90,2,137865
2035,91,2,111742
2035,92,2,92172
2035,93,2,72165
2035,94,2,56476
2035,95,2,46193
2035,96,2,33656
2035,97,2,24766
2035,98,2,17971
2035,99,2,13610
2036,0,2,469101
2036,1,2,465390
2036,10,2,498052
2036,100,2,10710
2036,101,2,6769
2036,102,2,4418
2036,103,2,2843
2036,104,2,2011
2036,105,2,1412
2036,106,2,648
2036,107,2,345
2036,108,2,165
2036,109,2,84
2036,11,2,500924
2036,110,2,62
2036,111,2,19
2036,112,2,7
2036,113,2,6
2036,114,2,1
2036,115,2,1
2036,117,2,1
2036,12,2,503718
2036,13,2,507948
2036,14,2,512214
2036,15,2,539633
2036,16,2,542410
2036,17,2,548831
2036,18,2,595999
2036,19,2,630567
2036,2,2,468914
2036,20,2,647621
2036,21,2,650006
2036,22,2,635874
2036,23,2,625009
2036,24,2,616495
2036,25,2,609748
2036,26,2,571230
2036,27,2,580393
2036,28,2,597771
2036,29,2,601854
2036,3,2,472568
2036,30,2,593584
2036,31,2,584983
2036,32,2,579154
2036,33,2,574199
2036,34,2,568416
2036,35,2,577263
2036,36,2,575215
2036,37,2,568731
2036,38,2,569130
2036,39,2,577835
2036,4,2,477189
2036,40,2,587299
2036,41,2,572733
2036,42,2,579600
2036,43,2,585603
2036,44,2,566639
2036,45,2,548354
2036,46,2,530217
2036,47,2,518641
2036,48,2,517708
2036,49,2,523172
2036,5,2,481080
2036,50,2,530777
2036,51,2,552815
2036,52,2,560765
2036,53,2,566985
2036,54,2,561564
2036,55,2,551169
2036,56,2,550303
2036,57,2,514298
2036,58,2,503430
2036,59,2,494942
2036,6,2,484754
2036,60,2,487763
2036,61,2,497603
2036,62,2,483090
2036,63,2,483661
2036,64,2,488695
2036,65,2,507293
2036,66,2,521624
2036,67,2,491228
2036,68,2,471956
2036,69,2,460514
2036,7,2,488732
2036,70,2,459538
2036,71,2,475961
2036,72,2,472151
2036,73,2,466378
2036,74,2,455503
2036,75,2,454995
2036,76,2,452649
2036,77,2,422536
2036,78,2,409492
2036,79,2,392592
2036,8,2,491189
2036,80,2,378397
2036,81,2,362082
2036,82,2,330424
2036,83,2,306110
2036,84,2,281204
2036,85,2,265374
2036,86,2,248288
2036,87,2,221273
2036,88,2,203705
2036,89,2,185967
2036,9,2,494338
2036,90,2,146348
2036,91,2,118298
2036,92,2,95570
2036,93,2,78897
2036,94,2,61845
2036,95,2,48237
2036,96,2,35801
2036,97,2,26175
2036,98,2,19311
2036,99,2,13944
2037,0,2,469219
2037,1,2,467335
2037,10,2,497662
2037,100,2,11064
2037,101,2,7430
2037,102,2,4687
2037,103,2,3043
2037,104,2,2020
2037,105,2,1418
2037,106,2,792
2037,107,2,344
2037,108,2,217
2037,109,2,98
2037,11,2,500671
2037,110,2,47
2037,111,2,27
2037,112,2,8
2037,113,2,4
2037,114,2,3
2037,115,2,1
2037,116,2,1
2037,12,2,503494
2037,13,2,506175
2037,14,2,510306
2037,15,2,538305
2037,16,2,540326
2037,17,2,546731
2037,18,2,593927
2037,19,2,627285
2037,2,2,470806
2037,20,2,649015
2037,21,2,640438
2037,22,2,638290
2037,23,2,625934
2037,24,2,620065
2037,25,2,599165
2037,26,2,588494
2037,27,2,577409
2037,28,2,585624
2037,29,2,602178
2037,3,2,473983
2037,30,2,605525
2037,31,2,594609
2037,32,2,586923
2037,33,2,580577
2037,34,2,576354
2037,35,2,570009
2037,36,2,574474
2037,37,2,577389
2037,38,2,570528
2037,39,2,571531
2037,4,2,477102
2037,40,2,579608
2037,41,2,588011
2037,42,2,573804
2037,43,2,580663
2037,44,2,586883
2037,45,2,568334
2037,46,2,548449
2037,47,2,530710
2037,48,2,518740
2037,49,2,518253
2037,5,2,481516
2037,50,2,522474
2037,51,2,529810
2037,52,2,552153
2037,53,2,559922
2037,54,2,566013
2037,55,2,559486
2037,56,2,549644
2037,57,2,548536
2037,58,2,512593
2037,59,2,502110
2037,6,2,484516
2037,60,2,492874
2037,61,2,486320
2037,62,2,496247
2037,63,2,481763
2037,64,2,481600
2037,65,2,486932
2037,66,2,505010
2037,67,2,518983
2037,68,2,488510
2037,69,2,469494
2037,7,2,487989
2037,70,2,458685
2037,71,2,455565
2037,72,2,471759
2037,73,2,467465
2037,74,2,461960
2037,75,2,452592
2037,76,2,446189
2037,77,2,444527
2037,78,2,414529
2037,79,2,401974
2037,8,2,491673
2037,80,2,387607
2037,81,2,365080
2037,82,2,349587
2037,83,2,318894
2037,84,2,295452
2037,85,2,276507
2037,86,2,249254
2037,87,2,233066
2037,88,2,207747
2037,89,2,191142
2037,9,2,494119
2037,90,2,174174
2037,91,2,125500
2037,92,2,100932
2037,93,2,81917
2037,94,2,67837
2037,95,2,52962
2037,96,2,37592
2037,97,2,27856
2037,98,2,20296
2037,99,2,15149
2038,0,2,470716
2038,1,2,467522
2038,10,2,497371
2038,100,2,11881
2038,101,2,7688
2038,102,2,5206
2038,103,2,3256
2038,104,2,2188
2038,105,2,1431
2038,106,2,782
2038,107,2,445
2038,108,2,192
2038,109,2,128
2038,11,2,500372
2038,110,2,60
2038,111,2,17
2038,112,2,10
2038,113,2,2
2038,12,2,503363
2038,13,2,505921
2038,14,2,508454
2038,15,2,536360
2038,16,2,538957
2038,17,2,544646
2038,18,2,591945
2038,19,2,625332
2038,2,2,472721
2038,20,2,645964
2038,21,2,641876
2038,22,2,628833
2038,23,2,628384
2038,24,2,620918
2038,25,2,602763
2038,26,2,578032
2038,27,2,594612
2038,28,2,582618
2038,29,2,590084
2038,3,2,476008
2038,30,2,605942
2038,31,2,606598
2038,32,2,596650
2038,33,2,588470
2038,34,2,582750
2038,35,2,577822
2038,36,2,567270
2038,37,2,576731
2038,38,2,579201
2038,39,2,572961
2038,4,2,478610
2038,40,2,573331
2038,41,2,580252
2038,42,2,589109
2038,43,2,575022
2038,44,2,581896
2038,45,2,588618
2038,46,2,568343
2038,47,2,548883
2038,48,2,530894
2038,49,2,519318
2038,5,2,481400
2038,50,2,517624
2038,51,2,521479
2038,52,2,529145
2038,53,2,551334
2038,54,2,559175
2038,55,2,564053
2038,56,2,557851
2038,57,2,547907
2038,58,2,546666
2038,59,2,511373
2038,6,2,484944
2038,60,2,500034
2038,61,2,491529
2038,62,2,485071
2038,63,2,494928
2038,64,2,479528
2038,65,2,480031
2038,66,2,484817
2038,67,2,502572
2038,68,2,516142
2038,69,2,485884
2038,7,2,487862
2038,70,2,467627
2038,71,2,454748
2038,72,2,451683
2038,73,2,467043
2038,74,2,463181
2038,75,2,459106
2038,76,2,443951
2038,77,2,438292
2038,78,2,436320
2038,79,2,407237
2038,8,2,491036
2038,80,2,396987
2038,81,2,374360
2038,82,2,352646
2038,83,2,337492
2038,84,2,307851
2038,85,2,290094
2038,86,2,260013
2038,87,2,234204
2038,88,2,218894
2038,89,2,195086
2038,9,2,494568
2038,90,2,179281
2038,91,2,149313
2038,92,2,107190
2038,93,2,86476
2038,94,2,70226
2038,95,2,58123
2038,96,2,41207
2038,97,2,29321
2038,98,2,21895
2038,99,2,15807
2039,0,2,471407
2039,1,2,468978
2039,10,2,497958
2039,100,2,12485
2039,101,2,8239
2039,102,2,5403
2039,103,2,3677
2039,104,2,2321
2039,105,2,1590
2039,106,2,806
2039,107,2,461
2039,108,2,252
2039,109,2,101
2039,11,2,499997
2039,110,2,88
2039,111,2,23
2039,112,2,6
2039,113,2,4
2039,114,2,2
2039,12,2,503125
2039,13,2,505791
2039,14,2,508254
2039,15,2,534547
2039,16,2,537130
2039,17,2,543383
2039,18,2,589864
2039,19,2,623331
2039,2,2,472967
2039,20,2,644205
2039,21,2,638891
2039,22,2,630241
2039,23,2,618720
2039,24,2,623482
2039,25,2,603775
2039,26,2,581602
2039,27,2,584237
2039,28,2,599730
2039,29,2,587088
2039,3,2,477768
2039,30,2,594041
2039,31,2,607019
2039,32,2,608671
2039,33,2,598132
2039,34,2,590562
2039,35,2,584319
2039,36,2,575257
2039,37,2,569457
2039,38,2,578538
2039,39,2,581647
2039,4,2,480625
2039,40,2,574789
2039,41,2,573976
2039,42,2,581409
2039,43,2,590291
2039,44,2,576297
2039,45,2,583594
2039,46,2,588639
2039,47,2,568801
2039,48,2,549154
2039,49,2,531414
2039,5,2,483146
2039,50,2,518683
2039,51,2,516800
2039,52,2,520866
2039,53,2,528507
2039,54,2,550520
2039,55,2,557168
2039,56,2,562364
2039,57,2,556086
2039,58,2,546143
2039,59,2,545291
2039,6,2,484841
2039,60,2,509336
2039,61,2,498744
2039,62,2,490325
2039,63,2,483842
2039,64,2,492716
2039,65,2,477981
2039,66,2,478029
2039,67,2,482587
2039,68,2,499998
2039,69,2,513348
2039,7,2,488341
2039,70,2,483952
2039,71,2,463789
2039,72,2,450992
2039,73,2,447375
2039,74,2,462682
2039,75,2,460432
2039,76,2,450607
2039,77,2,436389
2039,78,2,430259
2039,79,2,428708
2039,8,2,490856
2039,80,2,402246
2039,81,2,383407
2039,82,2,361900
2039,83,2,340915
2039,84,2,326235
2039,85,2,302446
2039,86,2,273229
2039,87,2,244632
2039,88,2,220401
2039,89,2,205727
2039,9,2,493885
2039,90,2,183353
2039,91,2,153956
2039,92,2,127950
2039,93,2,92011
2039,94,2,74342
2039,95,2,60393
2039,96,2,45081
2039,97,2,32368
2039,98,2,22907
2039,99,2,17250
2040,0,2,472484
2040,1,2,469707
2040,10,2,497176
2040,100,2,13679
2040,101,2,8738
2040,102,2,5759
2040,103,2,3853
2040,104,2,2595
2040,105,2,1686
2040,106,2,939
2040,107,2,464
2040,108,2,270
2040,109,2,139
2040,11,2,500626
2040,110,2,66
2040,111,2,39
2040,112,2,12
2040,113,2,1
2040,12,2,502677
2040,13,2,505577
2040,14,2,508159
2040,15,2,534436
2040,16,2,535324
2040,17,2,541635
2040,18,2,588619
2040,19,2,621544
2040,2,2,474489
2040,20,2,642219
2040,21,2,637116
2040,22,2,627414
2040,23,2,620215
2040,24,2,613848
2040,25,2,606325
2040,26,2,582573
2040,27,2,587794
2040,28,2,589636
2040,29,2,604183
2040,3,2,478154
2040,30,2,590976
2040,31,2,595315
2040,32,2,609035
2040,33,2,610048
2040,34,2,600229
2040,35,2,592147
2040,36,2,581658
2040,37,2,577540
2040,38,2,571305
2040,39,2,580958
2040,4,2,482399
2040,40,2,583493
2040,41,2,575598
2040,42,2,575187
2040,43,2,582568
2040,44,2,591585
2040,45,2,578012
2040,46,2,583603
2040,47,2,589088
2040,48,2,568956
2040,49,2,549682
2040,5,2,485097
2040,50,2,530760
2040,51,2,517825
2040,52,2,516241
2040,53,2,520138
2040,54,2,527798
2040,55,2,548568
2040,56,2,555545
2040,57,2,560601
2040,58,2,554362
2040,59,2,544887
2040,6,2,486706
2040,60,2,543077
2040,61,2,507931
2040,62,2,497487
2040,63,2,489082
2040,64,2,481826
2040,65,2,491072
2040,66,2,476138
2040,67,2,475997
2040,68,2,480218
2040,69,2,497379
2040,7,2,488234
2040,70,2,511292
2040,71,2,479991
2040,72,2,460174
2040,73,2,446872
2040,74,2,443538
2040,75,2,459964
2040,76,2,451966
2040,77,2,443090
2040,78,2,428603
2040,79,2,423069
2040,8,2,491272
2040,80,2,423336
2040,81,2,388875
2040,82,2,370776
2040,83,2,349894
2040,84,2,329726
2040,85,2,320499
2040,86,2,284897
2040,87,2,257154
2040,88,2,230660
2040,89,2,207425
2040,9,2,493878
2040,90,2,193369
2040,91,2,157557
2040,92,2,131574
2040,93,2,109768
2040,94,2,79203
2040,95,2,63890
2040,96,2,47273
2040,97,2,35243
2040,98,2,25501
2040,99,2,17951
2041,0,2,474267
2041,1,2,470883
2041,10,2,497275
2041,100,2,14232
2041,101,2,9713
2041,102,2,6108
2041,103,2,4079
2041,104,2,2733
2041,105,2,1912
2041,106,2,983
2041,107,2,540
2041,108,2,274
2041,109,2,158
2041,11,2,499933
2041,110,2,80
2041,111,2,28
2041,112,2,22
2041,113,2,7
2041,12,2,503327
2041,13,2,505052
2041,14,2,508008
2041,15,2,534289
2041,16,2,535359
2041,17,2,539867
2041,18,2,586961
2041,19,2,620275
2041,2,2,475292
2041,20,2,640617
2041,21,2,635184
2041,22,2,625615
2041,23,2,617612
2041,24,2,615194
2041,25,2,596702
2041,26,2,585189
2041,27,2,588780
2041,28,2,593142
2041,29,2,594256
2041,3,2,479613
2041,30,2,607967
2041,31,2,592137
2041,32,2,597305
2041,33,2,610559
2041,34,2,612220
2041,35,2,601804
2041,36,2,589631
2041,37,2,583865
2041,38,2,579388
2041,39,2,573878
2041,4,2,482878
2041,40,2,582789
2041,41,2,584335
2041,42,2,576899
2041,43,2,576426
2041,44,2,583817
2041,45,2,593259
2041,46,2,578093
2041,47,2,584064
2041,48,2,589249
2041,49,2,569563
2041,5,2,486919
2041,50,2,549065
2041,51,2,529903
2041,52,2,517287
2041,53,2,515624
2041,54,2,519487
2041,55,2,525870
2041,56,2,547110
2041,57,2,553761
2041,58,2,558788
2041,59,2,552978
2041,6,2,488650
2041,60,2,542726
2041,61,2,541490
2041,62,2,506572
2041,63,2,496245
2041,64,2,487067
2041,65,2,480421
2041,66,2,489068
2041,67,2,474111
2041,68,2,473673
2041,69,2,477919
2041,7,2,490128
2041,70,2,495468
2041,71,2,507236
2041,72,2,476130
2041,73,2,456177
2041,74,2,443021
2041,75,2,441162
2041,76,2,451682
2041,77,2,444392
2041,78,2,435344
2041,79,2,421291
2041,8,2,491234
2041,80,2,418014
2041,81,2,409326
2041,82,2,376318
2041,83,2,358544
2041,84,2,338527
2041,85,2,324101
2041,86,2,302534
2041,87,2,268325
2041,88,2,242202
2041,89,2,217247
2041,9,2,494200
2041,90,2,194800
2041,91,2,166223
2041,92,2,134988
2041,93,2,112954
2041,94,2,94315
2041,95,2,68167
2041,96,2,49936
2041,97,2,37048
2041,98,2,27701
2041,99,2,20072
2042,0,2,473363
2042,1,2,472591
2042,10,2,497519
2042,100,2,15877
2042,101,2,10128
2042,102,2,6902
2042,103,2,4341
2042,104,2,2924
2042,105,2,1985
2042,106,2,1076
2042,107,2,567
2042,108,2,318
2042,109,2,163
2042,11,2,500022
2042,110,2,101
2042,111,2,29
2042,112,2,13
2042,113,2,10
2042,114,2,2
2042,12,2,502788
2042,13,2,505751
2042,14,2,507355
2042,15,2,534164
2042,16,2,535229
2042,17,2,540017
2042,18,2,585234
2042,19,2,618717
2042,2,2,476411
2042,20,2,639524
2042,21,2,633653
2042,22,2,623635
2042,23,2,615758
2042,24,2,612718
2042,25,2,598055
2042,26,2,575632
2042,27,2,591604
2042,28,2,593981
2042,29,2,597815
2042,3,2,480508
2042,30,2,598091
2042,31,2,609133
2042,32,2,594322
2042,33,2,598819
2042,34,2,612741
2042,35,2,613748
2042,36,2,599166
2042,37,2,591903
2042,38,2,585776
2042,39,2,581961
2042,4,2,484418
2042,40,2,575753
2042,41,2,583683
2042,42,2,585536
2042,43,2,578070
2042,44,2,577741
2042,45,2,585543
2042,46,2,593305
2042,47,2,578628
2042,48,2,584213
2042,49,2,589825
2042,5,2,487404
2042,50,2,568915
2042,51,2,548072
2042,52,2,529302
2042,53,2,516710
2042,54,2,514940
2042,55,2,517644
2042,56,2,524566
2042,57,2,545396
2042,58,2,552095
2042,59,2,557537
2042,6,2,490462
2042,60,2,550710
2042,61,2,541249
2042,62,2,540068
2042,63,2,505274
2042,64,2,494235
2042,65,2,485596
2042,66,2,478568
2042,67,2,487029
2042,68,2,471837
2042,69,2,471363
2042,7,2,492093
2042,70,2,476249
2042,71,2,491710
2042,72,2,503324
2042,73,2,472005
2042,74,2,452512
2042,75,2,440868
2042,76,2,433443
2042,77,2,444484
2042,78,2,436611
2042,79,2,428337
2042,8,2,493186
2042,80,2,416444
2042,81,2,404406
2042,82,2,396071
2042,83,2,363941
2042,84,2,347006
2042,85,2,332683
2042,86,2,306003
2042,87,2,285318
2042,88,2,253194
2042,89,2,228164
2042,9,2,494282
2042,90,2,204711
2042,91,2,167946
2042,92,2,143095
2042,93,2,115972
2042,94,2,97305
2042,95,2,81173
2042,96,2,53374
2042,97,2,39114
2042,98,2,29249
2042,99,2,21956
2043,0,2,474102
2043,1,2,471796
2043,10,2,497706
2043,100,2,17482
2043,101,2,11181
2043,102,2,7255
2043,103,2,4941
2043,104,2,3134
2043,105,2,2138
2043,106,2,1187
2043,107,2,647
2043,108,2,342
2043,109,2,183
2043,11,2,500235
2043,110,2,100
2043,111,2,33
2043,112,2,11
2043,113,2,5
2043,114,2,7
2043,12,2,502804
2043,13,2,505265
2043,14,2,508165
2043,15,2,533485
2043,16,2,535182
2043,17,2,540099
2043,18,2,585548
2043,19,2,617015
2043,2,2,478142
2043,20,2,637908
2043,21,2,632566
2043,22,2,622035
2043,23,2,613830
2043,24,2,610978
2043,25,2,595651
2043,26,2,577091
2043,27,2,581937
2043,28,2,596937
2043,29,2,598545
2043,3,2,481709
2043,30,2,601655
2043,31,2,599265
2043,32,2,611372
2043,33,2,595843
2043,34,2,600986
2043,35,2,614317
2043,36,2,611155
2043,37,2,601392
2043,38,2,593835
2043,39,2,588318
2043,4,2,485422
2043,40,2,583919
2043,41,2,576572
2043,42,2,584918
2043,43,2,586790
2043,44,2,579415
2043,45,2,579512
2043,46,2,585580
2043,47,2,593842
2043,48,2,578840
2043,49,2,584715
2043,5,2,488872
2043,50,2,589159
2043,51,2,567919
2043,52,2,547509
2043,53,2,528680
2043,54,2,516110
2043,55,2,513127
2043,56,2,516419
2043,57,2,523049
2043,58,2,543731
2043,59,2,550833
2043,6,2,490993
2043,60,2,555312
2043,61,2,549305
2043,62,2,539996
2043,63,2,538672
2043,64,2,503403
2043,65,2,492775
2043,66,2,483736
2043,67,2,476586
2043,68,2,484737
2043,69,2,469819
2043,7,2,493876
2043,70,2,469793
2043,71,2,472808
2043,72,2,487857
2043,73,2,499094
2043,74,2,468368
2043,75,2,450387
2043,76,2,433348
2043,77,2,426630
2043,78,2,436875
2043,79,2,429613
2043,8,2,495277
2043,80,2,423501
2043,81,2,403211
2043,82,2,391767
2043,83,2,383526
2043,84,2,352451
2043,85,2,341163
2043,86,2,314278
2043,87,2,288835
2043,88,2,269443
2043,89,2,238847
2043,9,2,496103
2043,90,2,214976
2043,91,2,176095
2043,92,2,144181
2043,93,2,123343
2043,94,2,100081
2043,95,2,84046
2043,96,2,63564
2043,97,2,42039
2043,98,2,30884
2043,99,2,22995
2044,0,2,473925
2044,1,2,472553
2044,10,2,499541
2044,100,2,18358
2044,101,2,12464
2044,102,2,7912
2044,103,2,5200
2044,104,2,3591
2044,105,2,2275
2044,106,2,1264
2044,107,2,694
2044,108,2,400
2044,109,2,212
2044,11,2,500517
2044,110,2,99
2044,111,2,50
2044,112,2,18
2044,113,2,2
2044,114,2,4
2044,115,2,5
2044,12,2,502954
2044,13,2,505346
2044,14,2,507657
2044,15,2,534308
2044,16,2,534695
2044,17,2,539808
2044,18,2,585578
2044,19,2,617472
2044,2,2,477604
2044,20,2,636504
2044,21,2,630927
2044,22,2,621094
2044,23,2,612159
2044,24,2,609044
2044,25,2,594014
2044,26,2,574615
2044,27,2,583533
2044,28,2,587242
2044,29,2,601522
2044,3,2,483306
2044,30,2,602522
2044,31,2,602937
2044,32,2,601459
2044,33,2,612968
2044,34,2,598124
2044,35,2,602441
2044,36,2,611761
2044,37,2,613536
2044,38,2,603276
2044,39,2,596394
2044,4,2,486515
2044,40,2,590238
2044,41,2,584695
2044,42,2,577793
2044,43,2,586201
2044,44,2,588276
2044,45,2,581198
2044,46,2,579662
2044,47,2,586220
2044,48,2,594037
2044,49,2,579412
2044,5,2,489983
2044,50,2,584082
2044,51,2,588146
2044,52,2,567281
2044,53,2,546963
2044,54,2,528096
2044,55,2,514318
2044,56,2,511747
2044,57,2,514992
2044,58,2,521548
2044,59,2,542522
2044,6,2,492543
2044,60,2,548693
2044,61,2,553888
2044,62,2,548032
2044,63,2,538759
2044,64,2,536396
2044,65,2,501929
2044,66,2,491023
2044,67,2,481979
2044,68,2,474381
2044,69,2,482718
2044,7,2,494504
2044,70,2,468354
2044,71,2,466430
2044,72,2,469396
2044,73,2,483828
2044,74,2,495218
2044,75,2,466276
2044,76,2,442869
2044,77,2,426720
2044,78,2,419403
2044,79,2,429950
2044,8,2,496877
2044,80,2,424945
2044,81,2,410037
2044,82,2,390689
2044,83,2,379591
2044,84,2,371605
2044,85,2,346562
2044,86,2,322457
2044,87,2,297035
2044,88,2,273105
2044,89,2,254507
2044,9,2,498302
2044,90,2,225271
2044,91,2,185054
2044,92,2,151278
2044,93,2,124247
2044,94,2,106621
2044,95,2,86379
2044,96,2,65740
2044,97,2,50132
2044,98,2,33184
2044,99,2,24542
2045,0,2,474582
2045,1,2,472359
2045,10,2,501655
2045,100,2,19615
2045,101,2,13131
2045,102,2,9015
2045,103,2,5635
2045,104,2,3789
2045,105,2,2626
2045,106,2,1337
2045,107,2,761
2045,108,2,425
2045,109,2,244
2045,11,2,502395
2045,110,2,128
2045,111,2,49
2045,112,2,21
2045,113,2,8
2045,114,2,2
2045,115,2,1
2045,116,2,3
2045,12,2,503252
2045,13,2,505437
2045,14,2,507774
2045,15,2,533829
2045,16,2,535490
2045,17,2,539615
2045,18,2,585373
2045,19,2,617522
2045,2,2,478173
2045,20,2,636992
2045,21,2,629557
2045,22,2,619471
2045,23,2,611380
2045,24,2,607394
2045,25,2,591977
2045,26,2,573014
2045,27,2,581092
2045,28,2,588909
2045,29,2,591871
2045,3,2,482925
2045,30,2,605411
2045,31,2,603785
2045,32,2,605095
2045,33,2,602934
2045,34,2,615223
2045,35,2,599797
2045,36,2,599981
2045,37,2,614066
2045,38,2,615508
2045,39,2,605894
2045,4,2,488175
2045,40,2,598222
2045,41,2,591043
2045,42,2,585969
2045,43,2,579083
2045,44,2,587570
2045,45,2,590127
2045,46,2,581398
2045,47,2,580218
2045,48,2,586422
2045,49,2,594589
2045,5,2,491154
2045,50,2,578855
2045,51,2,583085
2045,52,2,587458
2045,53,2,566610
2045,54,2,546376
2045,55,2,526295
2045,56,2,513095
2045,57,2,510358
2045,58,2,513517
2045,59,2,520373
2045,6,2,493681
2045,60,2,540426
2045,61,2,547333
2045,62,2,552573
2045,63,2,546759
2045,64,2,536706
2045,65,2,534803
2045,66,2,500219
2045,67,2,489163
2045,68,2,479898
2045,69,2,472334
2045,7,2,496062
2045,70,2,481189
2045,71,2,465213
2045,72,2,463264
2045,73,2,465749
2045,74,2,480099
2045,75,2,492897
2045,76,2,458660
2045,77,2,436215
2045,78,2,419721
2045,79,2,413047
2045,8,2,497662
2045,80,2,425330
2045,81,2,411693
2045,82,2,397555
2045,83,2,378524
2045,84,2,367957
2045,85,2,365155
2045,86,2,327910
2045,87,2,304719
2045,88,2,280866
2045,89,2,258039
2045,9,2,499892
2045,90,2,240328
2045,91,2,194426
2045,92,2,159482
2045,93,2,130743
2045,94,2,107344
2045,95,2,92237
2045,96,2,68011
2045,97,2,51983
2045,98,2,39706
2045,99,2,26338
2046,0,2,475297
2046,1,2,473068
2046,10,2,503333
2046,100,2,21092
2046,101,2,14110
2046,102,2,9529
2046,103,2,6540
2046,104,2,4050
2046,105,2,2714
2046,106,2,1539
2046,107,2,785
2046,108,2,461
2046,109,2,253
2046,11,2,504415
2046,110,2,159
2046,111,2,54
2046,112,2,19
2046,113,2,12
2046,114,2,5
2046,115,2,1
2046,116,2,1
2046,117,2,2
2046,12,2,505215
2046,13,2,505830
2046,14,2,507839
2046,15,2,533978
2046,16,2,534989
2046,17,2,540397
2046,18,2,585263
2046,19,2,617534
2046,2,2,478074
2046,20,2,637225
2046,21,2,630035
2046,22,2,618163
2046,23,2,609818
2046,24,2,606585
2046,25,2,590382
2046,26,2,571055
2046,27,2,579410
2046,28,2,586561
2046,29,2,593671
2046,3,2,483445
2046,30,2,595706
2046,31,2,606639
2046,32,2,606031
2046,33,2,606705
2046,34,2,605217
2046,35,2,616820
2046,36,2,597375
2046,37,2,602376
2046,38,2,615989
2046,39,2,618128
2046,4,2,487854
2046,40,2,607852
2046,41,2,599079
2046,42,2,592396
2046,43,2,587275
2046,44,2,580495
2046,45,2,589461
2046,46,2,590294
2046,47,2,581997
2046,48,2,580428
2046,49,2,587066
2046,5,2,492853
2046,50,2,593995
2046,51,2,577919
2046,52,2,582432
2046,53,2,586621
2046,54,2,565860
2046,55,2,544543
2046,56,2,525020
2046,57,2,511681
2046,58,2,508918
2046,59,2,512442
2046,6,2,494858
2046,60,2,518471
2046,61,2,539243
2046,62,2,546247
2046,63,2,551323
2046,64,2,544693
2046,65,2,535107
2046,66,2,532905
2046,67,2,498291
2046,68,2,487074
2046,69,2,477932
2046,7,2,497229
2046,70,2,470957
2046,71,2,478031
2046,72,2,461942
2046,73,2,459598
2046,74,2,462152
2046,75,2,477989
2046,76,2,485007
2046,77,2,451647
2046,78,2,429457
2046,79,2,413374
2046,8,2,499165
2046,80,2,409110
2046,81,2,412572
2046,82,2,399347
2046,83,2,385391
2046,84,2,366942
2046,85,2,361853
2046,86,2,345882
2046,87,2,310541
2046,88,2,288294
2046,89,2,265726
2046,9,2,500708
2046,90,2,243747
2046,91,2,207359
2046,92,2,167185
2046,93,2,137806
2046,94,2,112976
2046,95,2,92957
2046,96,2,72854
2046,97,2,53815
2046,98,2,41436
2046,99,2,31491
2047,0,2,475726
2047,1,2,473698
2047,10,2,504178
2047,100,2,25314
2047,101,2,15217
2047,102,2,10223
2047,103,2,6975
2047,104,2,4798
2047,105,2,2977
2047,106,2,1603
2047,107,2,929
2047,108,2,471
2047,109,2,275
2047,11,2,506116
2047,110,2,168
2047,111,2,73
2047,112,2,19
2047,113,2,10
2047,114,2,3
2047,115,2,1
2047,116,2,1
2047,12,2,507204
2047,13,2,507865
2047,14,2,508233
2047,15,2,534019
2047,16,2,535194
2047,17,2,539990
2047,18,2,586147
2047,19,2,617586
2047,2,2,478829
2047,20,2,637196
2047,21,2,630223
2047,22,2,618576
2047,23,2,608390
2047,24,2,605184
2047,25,2,589692
2047,26,2,569493
2047,27,2,577372
2047,28,2,584853
2047,29,2,591282
2047,3,2,483497
2047,30,2,597737
2047,31,2,597044
2047,32,2,608875
2047,33,2,607568
2047,34,2,609057
2047,35,2,606846
2047,36,2,614416
2047,37,2,599764
2047,38,2,604382
2047,39,2,618609
2047,4,2,488382
2047,40,2,620088
2047,41,2,608707
2047,42,2,600390
2047,43,2,593751
2047,44,2,588719
2047,45,2,582297
2047,46,2,589721
2047,47,2,590841
2047,48,2,582273
2047,49,2,581163
2047,5,2,492484
2047,50,2,586454
2047,51,2,593064
2047,52,2,577330
2047,53,2,581795
2047,54,2,585861
2047,55,2,563893
2047,56,2,543174
2047,57,2,523585
2047,58,2,510310
2047,59,2,507891
2047,6,2,496542
2047,60,2,510581
2047,61,2,517268
2047,62,2,538226
2047,63,2,545095
2047,64,2,549314
2047,65,2,543130
2047,66,2,533114
2047,67,2,530787
2047,68,2,496327
2047,69,2,485063
2047,7,2,498454
2047,70,2,476509
2047,71,2,467923
2047,72,2,474730
2047,73,2,458285
2047,74,2,456246
2047,75,2,460487
2047,76,2,470361
2047,77,2,477847
2047,78,2,444608
2047,79,2,423083
2047,8,2,500399
2047,80,2,409418
2047,81,2,396952
2047,82,2,400134
2047,83,2,387496
2047,84,2,373961
2047,85,2,361130
2047,86,2,342891
2047,87,2,327805
2047,88,2,294284
2047,89,2,273180
2047,9,2,502187
2047,90,2,251297
2047,91,2,210504
2047,92,2,178862
2047,93,2,144539
2047,94,2,119543
2047,95,2,97716
2047,96,2,73673
2047,97,2,57853
2047,98,2,42877
2047,99,2,33028
2048,0,2,475995
2048,1,2,474159
2048,10,2,505701
2048,100,2,26618
2048,101,2,18263
2048,102,2,11213
2048,103,2,7477
2048,104,2,5086
2048,105,2,3546
2048,106,2,1783
2048,107,2,936
2048,108,2,542
2048,109,2,289
2048,11,2,507031
2048,110,2,152
2048,111,2,86
2048,112,2,36
2048,113,2,7
2048,114,2,5
2048,115,2,3
2048,12,2,508909
2048,13,2,509780
2048,14,2,510248
2048,15,2,534541
2048,16,2,535359
2048,17,2,540228
2048,18,2,585763
2048,19,2,618451
2048,2,2,479596
2048,20,2,637439
2048,21,2,630285
2048,22,2,618876
2048,23,2,608830
2048,24,2,603706
2048,25,2,588275
2048,26,2,568744
2048,27,2,575991
2048,28,2,582781
2048,29,2,589602
2048,3,2,484147
2048,30,2,595287
2048,31,2,599006
2048,32,2,599247
2048,33,2,610415
2048,34,2,609960
2048,35,2,610732
2048,36,2,604397
2048,37,2,616871
2048,38,2,601782
2048,39,2,607043
2048,4,2,488467
2048,40,2,620587
2048,41,2,620943
2048,42,2,610015
2048,43,2,601753
2048,44,2,595277
2048,45,2,590589
2048,46,2,582526
2048,47,2,590265
2048,48,2,591064
2048,49,2,582905
2048,5,2,493070
2048,50,2,580566
2048,51,2,585570
2048,52,2,592451
2048,53,2,576623
2048,54,2,581139
2048,55,2,583977
2048,56,2,562406
2048,57,2,541751
2048,58,2,522119
2048,59,2,509464
2048,6,2,496249
2048,60,2,506131
2048,61,2,509630
2048,62,2,516310
2048,63,2,537209
2048,64,2,543221
2048,65,2,547811
2048,66,2,541312
2048,67,2,531054
2048,68,2,528569
2048,69,2,494301
2048,7,2,500017
2048,70,2,483807
2048,71,2,473544
2048,72,2,464995
2048,73,2,471166
2048,74,2,454921
2048,75,2,454544
2048,76,2,453371
2048,77,2,463538
2048,78,2,470570
2048,79,2,438259
2048,8,2,501654
2048,80,2,419110
2048,81,2,397399
2048,82,2,385548
2048,83,2,388337
2048,84,2,376383
2048,85,2,368077
2048,86,2,342621
2048,87,2,325235
2048,88,2,310920
2048,89,2,278826
2048,9,2,503498
2048,90,2,258621
2048,91,2,217083
2048,92,2,181648
2048,93,2,154802
2048,94,2,125348
2048,95,2,103629
2048,96,2,77170
2048,97,2,58538
2048,98,2,46193
2048,99,2,34268
2049,0,2,475453
2049,1,2,474517
2049,10,2,507046
2049,100,2,27531
2049,101,2,19364
2049,102,2,13391
2049,103,2,8230
2049,104,2,5500
2049,105,2,3758
2049,106,2,2096
2049,107,2,1117
2049,108,2,536
2049,109,2,322
2049,11,2,508534
2049,110,2,181
2049,111,2,75
2049,112,2,43
2049,113,2,19
2049,114,2,4
2049,115,2,3
2049,116,2,2
2049,12,2,509764
2049,13,2,511530
2049,14,2,512248
2049,15,2,536560
2049,16,2,535938
2049,17,2,540437
2049,18,2,586060
2049,19,2,618231
2049,2,2,479995
2049,20,2,638363
2049,21,2,630597
2049,22,2,618983
2049,23,2,609165
2049,24,2,604217
2049,25,2,586690
2049,26,2,567446
2049,27,2,575234
2049,28,2,581361
2049,29,2,587537
2049,3,2,485011
2049,30,2,593657
2049,31,2,596642
2049,32,2,601332
2049,33,2,600832
2049,34,2,612677
2049,35,2,611587
2049,36,2,608337
2049,37,2,606822
2049,38,2,618899
2049,39,2,604543
2049,4,2,489151
2049,40,2,609023
2049,41,2,621506
2049,42,2,622171
2049,43,2,611474
2049,44,2,603224
2049,45,2,597127
2049,46,2,590786
2049,47,2,583159
2049,48,2,590655
2049,49,2,591668
2049,5,2,493186
2049,50,2,582458
2049,51,2,579655
2049,52,2,584952
2049,53,2,591885
2049,54,2,575872
2049,55,2,579254
2049,56,2,582578
2049,57,2,560979
2049,58,2,540232
2049,59,2,521222
2049,6,2,496782
2049,60,2,507604
2049,61,2,505315
2049,62,2,508831
2049,63,2,515260
2049,64,2,535299
2049,65,2,541715
2049,66,2,546006
2049,67,2,539367
2049,68,2,528764
2049,69,2,526447
2049,7,2,499890
2049,70,2,492944
2049,71,2,480741
2049,72,2,470561
2049,73,2,461483
2049,74,2,467928
2049,75,2,453299
2049,76,2,447550
2049,77,2,447181
2049,78,2,456470
2049,79,2,463834
2049,8,2,503185
2049,80,2,434193
2049,81,2,407071
2049,82,2,386016
2049,83,2,374551
2049,84,2,377258
2049,85,2,370729
2049,86,2,349381
2049,87,2,325045
2049,88,2,308662
2049,89,2,294989
2049,9,2,504737
2049,90,2,264098
2049,91,2,223738
2049,92,2,187729
2049,93,2,157399
2049,94,2,134262
2049,95,2,108993
2049,96,2,81946
2049,97,2,61211
2049,98,2,46892
2049,99,2,37180
2050,0,2,475750
2050,1,2,473905
2050,10,2,508166
2050,100,2,30049
2050,101,2,20097
2050,102,2,14238
2050,103,2,9865
2050,104,2,6064
2050,105,2,4086
2050,106,2,2342
2050,107,2,1294
2050,108,2,681
2050,109,2,333
2050,11,2,509886
2050,110,2,199
2050,111,2,88
2050,112,2,38
2050,113,2,30
2050,114,2,12
2050,115,2,2
2050,116,2,2
2050,117,2,1
2050,12,2,511372
2050,13,2,512337
2050,14,2,513983
2050,15,2,538532
2050,16,2,538027
2050,17,2,541032
2050,18,2,586272
2050,19,2,618582
2050,2,2,480454
2050,20,2,638326
2050,21,2,631512
2050,22,2,619170
2050,23,2,609420
2050,24,2,604468
2050,25,2,587465
2050,26,2,565801
2050,27,2,573900
2050,28,2,580784
2050,29,2,586108
2050,3,2,485396
2050,30,2,591587
2050,31,2,595005
2050,32,2,598887
2050,33,2,603026
2050,34,2,603281
2050,35,2,614215
2050,36,2,609225
2050,37,2,610707
2050,38,2,608885
2050,39,2,621693
2050,4,2,490030
2050,40,2,606539
2050,41,2,609953
2050,42,2,622910
2050,43,2,623474
2050,44,2,613019
2050,45,2,605090
2050,46,2,597404
2050,47,2,591420
2050,48,2,583593
2050,49,2,591361
2050,5,2,493876
2050,50,2,591101
2050,51,2,581592
2050,52,2,579010
2050,53,2,584315
2050,54,2,591177
2050,55,2,574121
2050,56,2,577829
2050,57,2,580935
2050,58,2,559401
2050,59,2,539127
2050,6,2,496953
2050,60,2,519361
2050,61,2,506633
2050,62,2,504645
2050,63,2,507913
2050,64,2,513578
2050,65,2,533981
2050,66,2,540047
2050,67,2,544182
2050,68,2,537141
2050,69,2,526752
2050,7,2,500423
2050,70,2,525030
2050,71,2,489926
2050,72,2,477736
2050,73,2,467101
2050,74,2,458358
2050,75,2,466254
2050,76,2,446482
2050,77,2,441324
2050,78,2,440745
2050,79,2,450029
2050,8,2,503180
2050,80,2,459486
2050,81,2,421936
2050,82,2,395716
2050,83,2,375220
2050,84,2,363948
2050,85,2,371752
2050,86,2,352247
2050,87,2,331924
2050,88,2,308792
2050,89,2,293066
2050,9,2,506320
2050,90,2,279911
2050,91,2,228401
2050,92,2,193616
2050,93,2,162630
2050,94,2,136870
2050,95,2,116738
2050,96,2,86441
2050,97,2,65263
2050,98,2,48899
2050,99,2,37594
2051,0,2,475857
2051,1,2,474312
2051,10,2,509839
2051,100,2,30392
2051,101,2,21990
2051,102,2,14771
2051,103,2,10422
2051,104,2,7286
2051,105,2,4469
2051,106,2,2462
2051,107,2,1428
2051,108,2,794
2051,109,2,429
2051,11,2,511074
2051,110,2,220
2051,111,2,100
2051,112,2,42
2051,113,2,22
2051,114,2,14
2051,115,2,5
2051,118,2,1
2051,12,2,512768
2051,13,2,513949
2051,14,2,514802
2051,15,2,540206
2051,16,2,540065
2051,17,2,543173
2051,18,2,586963
2051,19,2,618800
2051,2,2,479919
2051,20,2,638838
2051,21,2,631515
2051,22,2,620153
2051,23,2,609623
2051,24,2,604764
2051,25,2,587575
2051,26,2,566656
2051,27,2,572461
2051,28,2,579425
2051,29,2,585641
2051,3,2,485916
2051,30,2,590062
2051,31,2,593004
2051,32,2,597288
2051,33,2,600579
2051,34,2,605307
2051,35,2,604972
2051,36,2,611852
2051,37,2,611676
2051,38,2,612862
2051,39,2,611569
2051,4,2,490470
2051,40,2,623768
2051,41,2,607488
2051,42,2,611328
2051,43,2,624289
2051,44,2,625031
2051,45,2,614886
2051,46,2,605358
2051,47,2,598061
2051,48,2,591833
2051,49,2,584317
2051,5,2,494705
2051,50,2,590799
2051,51,2,590207
2051,52,2,581057
2051,53,2,578458
2051,54,2,583781
2051,55,2,589288
2051,56,2,572708
2051,57,2,576231
2051,58,2,579364
2051,59,2,558311
2051,6,2,497654
2051,60,2,537165
2051,61,2,518359
2051,62,2,505972
2051,63,2,503858
2051,64,2,506170
2051,65,2,512385
2051,66,2,532442
2051,67,2,538234
2051,68,2,542124
2051,69,2,535065
2051,7,2,500617
2051,70,2,525210
2051,71,2,521861
2051,72,2,486974
2051,73,2,474392
2051,74,2,464079
2051,75,2,456848
2051,76,2,459321
2051,77,2,440634
2051,78,2,434877
2051,79,2,434805
2051,8,2,503695
2051,80,2,445952
2051,81,2,446376
2051,82,2,410347
2051,83,2,384742
2051,84,2,364854
2051,85,2,358807
2051,86,2,353544
2051,87,2,334626
2051,88,2,315802
2051,89,2,293262
2051,9,2,506280
2051,90,2,278256
2051,91,2,242692
2051,92,2,197805
2051,93,2,168047
2051,94,2,141504
2051,95,2,119160
2051,96,2,93100
2051,97,2,69128
2051,98,2,52387
2051,99,2,39363
2052,0,2,473247
2052,1,2,474418
2052,10,2,509705
2052,100,2,32006
2052,101,2,22393
2052,102,2,16262
2052,103,2,11051
2052,104,2,7788
2052,105,2,5454
2052,106,2,2731
2052,107,2,1522
2052,108,2,871
2052,109,2,489
2052,11,2,512759
2052,110,2,281
2052,111,2,116
2052,112,2,51
2052,113,2,17
2052,114,2,12
2052,115,2,9
2052,116,2,3
2052,119,2,1
2052,12,2,513894
2052,13,2,515355
2052,14,2,516463
2052,15,2,541080
2052,16,2,541746
2052,17,2,545241
2052,18,2,589141
2052,19,2,619657
2052,2,2,480406
2052,20,2,639207
2052,21,2,631969
2052,22,2,620180
2052,23,2,610532
2052,24,2,605108
2052,25,2,587992
2052,26,2,566774
2052,27,2,573188
2052,28,2,578086
2052,29,2,584202
2052,3,2,485561
2052,30,2,589806
2052,31,2,591418
2052,32,2,595363
2052,33,2,598966
2052,34,2,602890
2052,35,2,607024
2052,36,2,602772
2052,37,2,614292
2052,38,2,613748
2052,39,2,615589
2052,4,2,490868
2052,40,2,613654
2052,41,2,624683
2052,42,2,608862
2052,43,2,612810
2052,44,2,625756
2052,45,2,626914
2052,46,2,615082
2052,47,2,606082
2052,48,2,598362
2052,49,2,592614
2052,5,2,495143
2052,50,2,583832
2052,51,2,589884
2052,52,2,589654
2052,53,2,580419
2052,54,2,577938
2052,55,2,581971
2052,56,2,587927
2052,57,2,571165
2052,58,2,574719
2052,59,2,578143
2052,6,2,498570
2052,60,2,556285
2052,61,2,536245
2052,62,2,517577
2052,63,2,505204
2052,64,2,502282
2052,65,2,505047
2052,66,2,510971
2052,67,2,530828
2052,68,2,536218
2052,69,2,540174
2052,7,2,501409
2052,70,2,533668
2052,71,2,522307
2052,72,2,518600
2052,73,2,483657
2052,74,2,471384
2052,75,2,462582
2052,76,2,450264
2052,77,2,453175
2052,78,2,434415
2052,79,2,429001
2052,8,2,503822
2052,80,2,431150
2052,81,2,433836
2052,82,2,434271
2052,83,2,399097
2052,84,2,374345
2052,85,2,359971
2052,86,2,341591
2052,87,2,336481
2052,88,2,318084
2052,89,2,300466
2052,9,2,506892
2052,90,2,278736
2052,91,2,241317
2052,92,2,210379
2052,93,2,171590
2052,94,2,146271
2052,95,2,123358
2052,96,2,94808
2052,97,2,74423
2052,98,2,55430
2052,99,2,42322
2053,0,2,473423
2053,1,2,471772
2053,10,2,510512
2053,100,2,34424
2053,101,2,23627
2053,102,2,16627
2053,103,2,12053
2053,104,2,8217
2053,105,2,5856
2053,106,2,3321
2053,107,2,1719
2053,108,2,956
2053,109,2,553
2053,11,2,512654
2053,110,2,310
2053,111,2,137
2053,112,2,52
2053,113,2,31
2053,114,2,8
2053,115,2,7
2053,116,2,2
2053,117,2,2
2053,12,2,515587
2053,120,2,1
2053,13,2,516487
2053,14,2,517944
2053,15,2,542708
2053,16,2,542752
2053,17,2,546952
2053,18,2,591299
2053,19,2,621894
2053,2,2,480392
2053,20,2,640104
2053,21,2,632440
2053,22,2,620608
2053,23,2,610641
2053,24,2,605931
2053,25,2,588327
2053,26,2,567119
2053,27,2,573432
2053,28,2,578727
2053,29,2,582985
2053,3,2,485955
2053,30,2,588279
2053,31,2,591156
2053,32,2,593823
2053,33,2,597048
2053,34,2,601364
2053,35,2,604523
2053,36,2,604718
2053,37,2,605353
2053,38,2,616439
2053,39,2,616432
2053,4,2,490720
2053,40,2,617721
2053,41,2,614734
2053,42,2,626070
2053,43,2,610373
2053,44,2,614249
2053,45,2,627670
2053,46,2,627171
2053,47,2,615757
2053,48,2,606461
2053,49,2,599155
2053,5,2,495670
2053,50,2,592159
2053,51,2,583105
2053,52,2,589315
2053,53,2,589049
2053,54,2,579818
2053,55,2,576090
2053,56,2,580737
2053,57,2,586405
2053,58,2,569541
2053,59,2,573820
2053,6,2,499001
2053,60,2,575958
2053,61,2,555280
2053,62,2,535329
2053,63,2,516730
2053,64,2,503655
2053,65,2,501193
2053,66,2,503794
2053,67,2,509516
2053,68,2,528894
2053,69,2,534399
2053,7,2,502220
2053,70,2,538726
2053,71,2,530492
2053,72,2,519361
2053,73,2,515010
2053,74,2,480651
2053,75,2,469927
2053,76,2,456066
2053,77,2,444493
2053,78,2,446798
2053,79,2,428627
2053,8,2,504667
2053,80,2,425617
2053,81,2,419493
2053,82,2,422122
2053,83,2,422538
2053,84,2,388500
2053,85,2,369331
2053,86,2,342818
2053,87,2,324868
2053,88,2,320288
2053,89,2,302754
2053,9,2,506980
2053,90,2,285759
2053,91,2,241867
2053,92,2,209019
2053,93,2,182906
2053,94,2,149395
2053,95,2,127207
2053,96,2,98498
2053,97,2,76002
2053,98,2,60108
2053,99,2,44828
2054,0,2,474299
2054,1,2,471946
2054,10,2,510524
2054,100,2,36377
2054,101,2,25484
2054,102,2,17536
2054,103,2,12402
2054,104,2,9025
2054,105,2,6221
2054,106,2,3652
2054,107,2,2084
2054,108,2,1092
2054,109,2,629
2054,11,2,513460
2054,110,2,357
2054,111,2,149
2054,112,2,63
2054,113,2,29
2054,114,2,18
2054,115,2,3
2054,116,2,1
2054,12,2,515516
2054,13,2,518186
2054,14,2,518911
2054,15,2,544357
2054,16,2,544369
2054,17,2,548028
2054,18,2,593165
2054,19,2,624131
2054,2,2,477832
2054,20,2,642394
2054,21,2,633282
2054,22,2,621150
2054,23,2,611071
2054,24,2,606218
2054,25,2,589124
2054,26,2,567529
2054,27,2,573663
2054,28,2,579002
2054,29,2,583761
2054,3,2,485942
2054,30,2,587089
2054,31,2,589706
2054,32,2,593470
2054,33,2,595445
2054,34,2,599399
2054,35,2,603162
2054,36,2,602286
2054,37,2,607247
2054,38,2,607569
2054,39,2,619305
2054,4,2,491046
2054,40,2,618440
2054,41,2,618672
2054,42,2,616116
2054,43,2,627565
2054,44,2,611950
2054,45,2,616234
2054,46,2,627906
2054,47,2,627859
2054,48,2,616148
2054,49,2,607190
2054,5,2,495598
2054,50,2,598644
2054,51,2,591291
2054,52,2,582630
2054,53,2,588746
2054,54,2,588472
2054,55,2,578077
2054,56,2,574851
2054,57,2,579304
2054,58,2,584966
2054,59,2,568474
2054,6,2,499467
2054,60,2,571830
2054,61,2,574933
2054,62,2,554344
2054,63,2,534480
2054,64,2,515106
2054,65,2,502587
2054,66,2,499957
2054,67,2,502450
2054,68,2,507784
2054,69,2,527028
2054,7,2,502795
2054,70,2,533136
2054,71,2,535737
2054,72,2,527510
2054,73,2,516016
2054,74,2,511745
2054,75,2,479294
2054,76,2,463371
2054,77,2,450282
2054,78,2,438380
2054,79,2,441019
2054,8,2,505551
2054,80,2,425271
2054,81,2,414268
2054,82,2,408608
2054,83,2,410999
2054,84,2,411320
2054,85,2,383292
2054,86,2,352050
2054,87,2,326245
2054,88,2,309517
2054,89,2,304912
2054,9,2,507870
2054,90,2,287977
2054,91,2,248407
2054,92,2,210063
2054,93,2,182067
2054,94,2,159445
2054,95,2,130440
2054,96,2,101555
2054,97,2,79062
2054,98,2,61324
2054,99,2,48596
2055,0,2,474155
2055,1,2,472851
2055,10,2,511443
2055,100,2,39512
2055,101,2,27128
2055,102,2,19057
2055,103,2,13166
2055,104,2,9347
2055,105,2,6865
2055,106,2,3841
2055,107,2,2273
2055,108,2,1318
2055,109,2,661
2055,11,2,513491
2055,110,2,384
2055,111,2,169
2055,112,2,74
2055,113,2,27
2055,114,2,19
2055,115,2,11
2055,117,2,1
2055,12,2,516306
2055,13,2,518137
2055,14,2,520723
2055,15,2,545235
2055,16,2,546028
2055,17,2,549674
2055,18,2,594361
2055,19,2,626048
2055,2,2,477976
2055,20,2,644776
2055,21,2,635686
2055,22,2,621944
2055,23,2,611601
2055,24,2,606660
2055,25,2,589400
2055,26,2,568460
2055,27,2,574099
2055,28,2,579235
2055,29,2,583999
2055,3,2,483411
2055,30,2,587880
2055,31,2,588502
2055,32,2,592035
2055,33,2,595250
2055,34,2,597897
2055,35,2,601052
2055,36,2,600868
2055,37,2,604871
2055,38,2,609448
2055,39,2,610430
2055,4,2,491125
2055,40,2,621438
2055,41,2,619398
2055,42,2,620089
2055,43,2,617670
2055,44,2,629029
2055,45,2,613995
2055,46,2,616598
2055,47,2,628610
2055,48,2,628206
2055,49,2,616856
2055,5,2,495976
2055,50,2,606691
2055,51,2,597789
2055,52,2,590761
2055,53,2,582041
2055,54,2,588190
2055,55,2,586651
2055,56,2,576864
2055,57,2,573450
2055,58,2,577815
2055,59,2,583996
2055,6,2,499504
2055,60,2,566559
2055,61,2,570803
2055,62,2,573992
2055,63,2,553375
2055,64,2,532858
2055,65,2,514029
2055,66,2,501349
2055,67,2,498597
2055,68,2,500835
2055,69,2,506195
2055,7,2,503174
2055,70,2,525827
2055,71,2,530325
2055,72,2,532770
2055,73,2,523919
2055,74,2,512955
2055,75,2,510085
2055,76,2,472773
2055,77,2,457661
2055,78,2,444201
2055,79,2,432861
2055,8,2,506179
2055,80,2,437491
2055,81,2,414102
2055,82,2,403616
2055,83,2,397906
2055,84,2,400498
2055,85,2,405833
2055,86,2,365431
2055,87,2,335501
2055,88,2,311172
2055,89,2,295038
2055,9,2,508736
2055,90,2,290413
2055,91,2,250072
2055,92,2,215973
2055,93,2,182943
2055,94,2,158985
2055,95,2,139332
2055,96,2,104631
2055,97,2,81672
2055,98,2,63777
2055,99,2,49797
2056,0,2,474226
2056,1,2,472748
2056,10,2,512345
2056,100,2,40468
2056,101,2,29313
2056,102,2,20171
2056,103,2,14363
2056,104,2,9884
2056,105,2,7043
2056,106,2,4310
2056,107,2,2444
2056,108,2,1447
2056,109,2,825
2056,11,2,514392
2056,110,2,421
2056,111,2,191
2056,112,2,80
2056,113,2,36
2056,114,2,12
2056,115,2,14
2056,116,2,3
2056,118,2,1
2056,12,2,516442
2056,13,2,518958
2056,14,2,520637
2056,15,2,547056
2056,16,2,546934
2056,17,2,551517
2056,18,2,595982
2056,19,2,627216
2056,2,2,479020
2056,20,2,646910
2056,21,2,638002
2056,22,2,624384
2056,23,2,612495
2056,24,2,607143
2056,25,2,589911
2056,26,2,568606
2056,27,2,575240
2056,28,2,579464
2056,29,2,584274
2056,3,2,483624
2056,30,2,588167
2056,31,2,589339
2056,32,2,590896
2056,33,2,593726
2056,34,2,597785
2056,35,2,599642
2056,36,2,598864
2056,37,2,603512
2056,38,2,607009
2056,39,2,612264
2056,4,2,488601
2056,40,2,612644
2056,41,2,622504
2056,42,2,620835
2056,43,2,621646
2056,44,2,619229
2056,45,2,630980
2056,46,2,614367
2056,47,2,617344
2056,48,2,628970
2056,49,2,628956
2056,5,2,495967
2056,50,2,616378
2056,51,2,605856
2056,52,2,597336
2056,53,2,590218
2056,54,2,581513
2056,55,2,586420
2056,56,2,585470
2056,57,2,575446
2056,58,2,572094
2056,59,2,576785
2056,6,2,499865
2056,60,2,582063
2056,61,2,565709
2056,62,2,569930
2056,63,2,573099
2056,64,2,551630
2056,65,2,531759
2056,66,2,512811
2056,67,2,500110
2056,68,2,496952
2056,69,2,499333
2056,7,2,503235
2056,70,2,505341
2056,71,2,523061
2056,72,2,527508
2056,73,2,529399
2056,74,2,520778
2056,75,2,511482
2056,76,2,503288
2056,77,2,467043
2056,78,2,451563
2056,79,2,438779
2056,8,2,506550
2056,80,2,429586
2056,81,2,426303
2056,82,2,403499
2056,83,2,393176
2056,84,2,387706
2056,85,2,395084
2056,86,2,387181
2056,87,2,348499
2056,88,2,320239
2056,89,2,296667
2056,9,2,509438
2056,90,2,281163
2056,91,2,252603
2056,92,2,217322
2056,93,2,188332
2056,94,2,159908
2056,95,2,139003
2056,96,2,111919
2056,97,2,84437
2056,98,2,65846
2056,99,2,51982
2057,0,2,475173
2057,1,2,472801
2057,10,2,512978
2057,100,2,42497
2057,101,2,30249
2057,102,2,22006
2057,103,2,15191
2057,104,2,10824
2057,105,2,7484
2057,106,2,4464
2057,107,2,2762
2057,108,2,1563
2057,109,2,937
2057,11,2,515293
2057,110,2,515
2057,111,2,222
2057,112,2,99
2057,113,2,49
2057,114,2,13
2057,115,2,6
2057,116,2,5
2057,117,2,1
2057,119,2,1
2057,12,2,517265
2057,13,2,519152
2057,14,2,521555
2057,15,2,546957
2057,16,2,548894
2057,17,2,552392
2057,18,2,597841
2057,19,2,629116
2057,2,2,478873
2057,20,2,648045
2057,21,2,640262
2057,22,2,626612
2057,23,2,614912
2057,24,2,608065
2057,25,2,590506
2057,26,2,569230
2057,27,2,575377
2057,28,2,580827
2057,29,2,584224
2057,3,2,484721
2057,30,2,588560
2057,31,2,589561
2057,32,2,591779
2057,33,2,592560
2057,34,2,596263
2057,35,2,599518
2057,36,2,597493
2057,37,2,601462
2057,38,2,605724
2057,39,2,609804
2057,4,2,488849
2057,40,2,614422
2057,41,2,613792
2057,42,2,623927
2057,43,2,622285
2057,44,2,623273
2057,45,2,621225
2057,46,2,631355
2057,47,2,615084
2057,48,2,617690
2057,49,2,629700
2057,5,2,493524
2057,50,2,628605
2057,51,2,615547
2057,52,2,605244
2057,53,2,596878
2057,54,2,589670
2057,55,2,579726
2057,56,2,585368
2057,57,2,583977
2057,58,2,574024
2057,59,2,571112
2057,6,2,499923
2057,60,2,574910
2057,61,2,581228
2057,62,2,564939
2057,63,2,568963
2057,64,2,571316
2057,65,2,550388
2057,66,2,530591
2057,67,2,511471
2057,68,2,498593
2057,69,2,495540
2057,7,2,503679
2057,70,2,498359
2057,71,2,502807
2057,72,2,520351
2057,73,2,524346
2057,74,2,526308
2057,75,2,519312
2057,76,2,504654
2057,77,2,497219
2057,78,2,460958
2057,79,2,446053
2057,8,2,506590
2057,80,2,435427
2057,81,2,418713
2057,82,2,415716
2057,83,2,393198
2057,84,2,383236
2057,85,2,382961
2057,86,2,377120
2057,87,2,369706
2057,88,2,332819
2057,89,2,305705
2057,9,2,509824
2057,90,2,282983
2057,91,2,244974
2057,92,2,219704
2057,93,2,189567
2057,94,2,164673
2057,95,2,139873
2057,96,2,111825
2057,97,2,90257
2057,98,2,68606
2057,99,2,53609
2058,0,2,474445
2058,1,2,473852
2058,10,2,513434
2058,100,2,43998
2058,101,2,31844
2058,102,2,22800
2058,103,2,16691
2058,104,2,11452
2058,105,2,8303
2058,106,2,4679
2058,107,2,2850
2058,108,2,1745
2058,109,2,1001
2058,11,2,515958
2058,110,2,583
2058,111,2,274
2058,112,2,119
2058,113,2,53
2058,114,2,29
2058,115,2,10
2058,116,2,4
2058,117,2,4
2058,118,2,1
2058,12,2,518302
2058,120,2,1
2058,13,2,519871
2058,14,2,521679
2058,15,2,547921
2058,16,2,548916
2058,17,2,554332
2058,18,2,598898
2058,19,2,630948
2058,2,2,478941
2058,20,2,650000
2058,21,2,641356
2058,22,2,629041
2058,23,2,617176
2058,24,2,610389
2058,25,2,591476
2058,26,2,569794
2058,27,2,575976
2058,28,2,581157
2058,29,2,585640
2058,3,2,484704
2058,30,2,588469
2058,31,2,589992
2058,32,2,592041
2058,33,2,593463
2058,34,2,595017
2058,35,2,598032
2058,36,2,597391
2058,37,2,600204
2058,38,2,603629
2058,39,2,608593
2058,4,2,489885
2058,40,2,611959
2058,41,2,615547
2058,42,2,615242
2058,43,2,625377
2058,44,2,623891
2058,45,2,625309
2058,46,2,621611
2058,47,2,632058
2058,48,2,615455
2058,49,2,618530
2058,5,2,493776
2058,50,2,629254
2058,51,2,627758
2058,52,2,615121
2058,53,2,604678
2058,54,2,596274
2058,55,2,587921
2058,56,2,578616
2058,57,2,584039
2058,58,2,582524
2058,59,2,573200
2058,6,2,497417
2058,60,2,569167
2058,61,2,574135
2058,62,2,580472
2058,63,2,564097
2058,64,2,567222
2058,65,2,570063
2058,66,2,549121
2058,67,2,529249
2058,68,2,509899
2058,69,2,497080
2058,7,2,503713
2058,70,2,494747
2058,71,2,495921
2058,72,2,500261
2058,73,2,517332
2058,74,2,521315
2058,75,2,524860
2058,76,2,512499
2058,77,2,498570
2058,78,2,490822
2058,79,2,455412
2058,8,2,507113
2058,80,2,442870
2058,81,2,424444
2058,82,2,408348
2058,83,2,405551
2058,84,2,383701
2058,85,2,378888
2058,86,2,366082
2058,87,2,359971
2058,88,2,353649
2058,89,2,317949
2058,9,2,509912
2058,90,2,291704
2058,91,2,246499
2058,92,2,213610
2058,93,2,191535
2058,94,2,166056
2058,95,2,144470
2058,96,2,112612
2058,97,2,89950
2058,98,2,73380
2058,99,2,55880
2059,0,2,476466
2059,1,2,473057
2059,10,2,513498
2059,100,2,45964
2059,101,2,33051
2059,102,2,23965
2059,103,2,17315
2059,104,2,12703
2059,105,2,8670
2059,106,2,5236
2059,107,2,3047
2059,108,2,1849
2059,109,2,1181
2059,11,2,516422
2059,110,2,656
2059,111,2,305
2059,112,2,145
2059,113,2,63
2059,114,2,28
2059,115,2,17
2059,116,2,5
2059,117,2,2
2059,118,2,1
2059,12,2,518820
2059,13,2,521039
2059,14,2,522419
2059,15,2,548089
2059,16,2,549841
2059,17,2,554536
2059,18,2,600716
2059,19,2,632049
2059,2,2,480028
2059,20,2,652117
2059,21,2,643313
2059,22,2,630105
2059,23,2,619630
2059,24,2,612787
2059,25,2,593805
2059,26,2,570800
2059,27,2,576434
2059,28,2,581629
2059,29,2,586203
2059,3,2,484581
2059,30,2,589972
2059,31,2,589945
2059,32,2,592449
2059,33,2,593797
2059,34,2,595996
2059,35,2,596832
2059,36,2,595931
2059,37,2,600056
2059,38,2,602490
2059,39,2,606490
2059,4,2,490178
2059,40,2,610815
2059,41,2,613074
2059,42,2,616947
2059,43,2,616829
2059,44,2,627056
2059,45,2,625881
2059,46,2,625802
2059,47,2,622404
2059,48,2,632539
2059,49,2,616243
2059,5,2,494815
2059,50,2,618140
2059,51,2,628386
2059,52,2,627253
2059,53,2,614639
2059,54,2,604183
2059,55,2,594434
2059,56,2,586763
2059,57,2,577335
2059,58,2,582764
2059,59,2,581479
2059,6,2,497761
2059,60,2,571196
2059,61,2,568409
2059,62,2,573453
2059,63,2,579471
2059,64,2,562511
2059,65,2,566048
2059,66,2,568693
2059,67,2,547637
2059,68,2,527632
2059,69,2,508453
2059,7,2,501276
2059,70,2,496273
2059,71,2,492512
2059,72,2,493514
2059,73,2,497235
2059,74,2,514529
2059,75,2,519894
2059,76,2,518129
2059,77,2,506621
2059,78,2,492301
2059,79,2,484917
2059,8,2,507037
2059,80,2,452110
2059,81,2,431936
2059,82,2,414077
2059,83,2,398270
2059,84,2,395674
2059,85,2,379411
2059,86,2,362277
2059,87,2,349822
2059,88,2,344165
2059,89,2,338101
2059,9,2,510501
2059,90,2,303703
2059,91,2,254299
2059,92,2,214920
2059,93,2,186673
2059,94,2,167617
2059,95,2,145678
2059,96,2,116663
2059,97,2,91367
2059,98,2,73128
2059,99,2,60080
2060,0,2,476503
2060,1,2,475145
2060,10,2,514196
2060,100,2,49243
2060,101,2,34738
2060,102,2,25035
2060,103,2,18216
2060,104,2,13285
2060,105,2,9666
2060,106,2,5538
2060,107,2,3368
2060,108,2,1992
2060,109,2,1194
2060,11,2,516579
2060,110,2,781
2060,111,2,330
2060,112,2,165
2060,113,2,74
2060,114,2,31
2060,115,2,14
2060,116,2,8
2060,117,2,3
2060,118,2,1
2060,12,2,519382
2060,13,2,521589
2060,14,2,523517
2060,15,2,548746
2060,16,2,550044
2060,17,2,555525
2060,18,2,601035
2060,19,2,634031
2060,2,2,479181
2060,20,2,653174
2060,21,2,645389
2060,22,2,632174
2060,23,2,620802
2060,24,2,615272
2060,25,2,596146
2060,26,2,573041
2060,27,2,577561
2060,28,2,582094
2060,29,2,586671
2060,3,2,485793
2060,30,2,590583
2060,31,2,591502
2060,32,2,592421
2060,33,2,594221
2060,34,2,596250
2060,35,2,597807
2060,36,2,594708
2060,37,2,598637
2060,38,2,602332
2060,39,2,605345
2060,4,2,489942
2060,40,2,608776
2060,41,2,611823
2060,42,2,614533
2060,43,2,618648
2060,44,2,618529
2060,45,2,629024
2060,46,2,626279
2060,47,2,626686
2060,48,2,622871
2060,49,2,633401
2060,5,2,495238
2060,50,2,615761
2060,51,2,617377
2060,52,2,627833
2060,53,2,626705
2060,54,2,614053
2060,55,2,602398
2060,56,2,593400
2060,57,2,585469
2060,58,2,575946
2060,59,2,581814
2060,6,2,498742
2060,60,2,579616
2060,61,2,570508
2060,62,2,567801
2060,63,2,572711
2060,64,2,577730
2060,65,2,561478
2060,66,2,564876
2060,67,2,567326
2060,68,2,546017
2060,69,2,525975
2060,7,2,501638
2060,70,2,507513
2060,71,2,494099
2060,72,2,490261
2060,73,2,490707
2060,74,2,494541
2060,75,2,513269
2060,76,2,513276
2060,77,2,512185
2060,78,2,500229
2060,79,2,486486
2060,8,2,504681
2060,80,2,481298
2060,81,2,441255
2060,82,2,421700
2060,83,2,403969
2060,84,2,388842
2060,85,2,391252
2060,86,2,363029
2060,87,2,346423
2060,88,2,334592
2060,89,2,329253
2060,9,2,510380
2060,90,2,323230
2060,91,2,264971
2060,92,2,221629
2060,93,2,188009
2060,94,2,163567
2060,95,2,147064
2060,96,2,117909
2060,97,2,94466
2060,98,2,74543
2060,99,2,59880
